Observation id	Observation date	Description	Observation duration	Observation type	Source	Media duration (s)	FPS	Focal	Treatment	Date	Time	Position	Weather	Site	Call type	Closeset distance	Subject	Behavior	Behavioral category	Modifier #1	Behavior type	Media file name	Image index	Image file path	Comment	
DY26	2024-01-21 20:23:12	Probably garbage, I believe it was redone, keep until sure. Sound not scored	638.840	Media file(s)	player #1:G:/Individual recognition vids/Blind videos/DY26.MP4	655.200	25.000	Lukka	FRP		2022-09-11T10:00:00	Centre	Overcast	KLF	Departure	 5 m		Fllw	Interaction	Kin	POINT	16.360	G:/Individual recognition vids/Blind videos/DY26.MP4	409	NA	
DY26	2024-01-21 20:23:12	Probably garbage, I believe it was redone, keep until sure. Sound not scored	638.840	Media file(s)	player #1:G:/Individual recognition vids/Blind videos/DY26.MP4	655.200	25.000	Lukka	FRP		2022-09-11T10:00:00	Centre	Overcast	KLF	Departure	 5 m		Mov	Locomotion	Away from speaker	START	21.040	G:/Individual recognition vids/Blind videos/DY26.MP4	526	NA	
DY26	2024-01-21 20:23:12	Probably garbage, I believe it was redone, keep until sure. Sound not scored	638.840	Media file(s)	player #1:G:/Individual recognition vids/Blind videos/DY26.MP4	655.200	25.000	Lukka	FRP		2022-09-11T10:00:00	Centre	Overcast	KLF	Departure	 5 m		Ass	Interaction	Kin	START	22.760	G:/Individual recognition vids/Blind videos/DY26.MP4	569	NA	
DY26	2024-01-21 20:23:12	Probably garbage, I believe it was redone, keep until sure. Sound not scored	638.840	Media file(s)	player #1:G:/Individual recognition vids/Blind videos/DY26.MP4	655.200	25.000	Lukka	FRP		2022-09-11T10:00:00	Centre	Overcast	KLF	Departure	 5 m		Look	Reaction	Away from speaker	POINT	34.960	G:/Individual recognition vids/Blind videos/DY26.MP4	874	NA	
DY26	2024-01-21 20:23:12	Probably garbage, I believe it was redone, keep until sure. Sound not scored	638.840	Media file(s)	player #1:G:/Individual recognition vids/Blind videos/DY26.MP4	655.200	25.000	Lukka	FRP		2022-09-11T10:00:00	Centre	Overcast	KLF	Departure	 5 m		Vig	Time budget	Mid neck	START	34.960	G:/Individual recognition vids/Blind videos/DY26.MP4	874	NA	
DY26	2024-01-21 20:23:12	Probably garbage, I believe it was redone, keep until sure. Sound not scored	638.840	Media file(s)	player #1:G:/Individual recognition vids/Blind videos/DY26.MP4	655.200	25.000	Lukka	FRP		2022-09-11T10:00:00	Centre	Overcast	KLF	Departure	 5 m		Look	Reaction	Away from speaker	POINT	36.320	G:/Individual recognition vids/Blind videos/DY26.MP4	908	NA	
DY26	2024-01-21 20:23:12	Probably garbage, I believe it was redone, keep until sure. Sound not scored	638.840	Media file(s)	player #1:G:/Individual recognition vids/Blind videos/DY26.MP4	655.200	25.000	Lukka	FRP		2022-09-11T10:00:00	Centre	Overcast	KLF	Departure	 5 m		Look	Reaction	At speaker	POINT	37.480	G:/Individual recognition vids/Blind videos/DY26.MP4	937	NA	
DY26	2024-01-21 20:23:12	Probably garbage, I believe it was redone, keep until sure. Sound not scored	638.840	Media file(s)	player #1:G:/Individual recognition vids/Blind videos/DY26.MP4	655.200	25.000	Lukka	FRP		2022-09-11T10:00:00	Centre	Overcast	KLF	Departure	 5 m		Mov	Locomotion	Away from speaker	STOP	42.400	G:/Individual recognition vids/Blind videos/DY26.MP4	1060	NA	
DY26	2024-01-21 20:23:12	Probably garbage, I believe it was redone, keep until sure. Sound not scored	638.840	Media file(s)	player #1:G:/Individual recognition vids/Blind videos/DY26.MP4	655.200	25.000	Lukka	FRP		2022-09-11T10:00:00	Centre	Overcast	KLF	Departure	 5 m		Look	Reaction	Away from speaker	POINT	43.720	G:/Individual recognition vids/Blind videos/DY26.MP4	1093	NA	
DY26	2024-01-21 20:23:12	Probably garbage, I believe it was redone, keep until sure. Sound not scored	638.840	Media file(s)	player #1:G:/Individual recognition vids/Blind videos/DY26.MP4	655.200	25.000	Lukka	FRP		2022-09-11T10:00:00	Centre	Overcast	KLF	Departure	 5 m		Look	Reaction	At speaker	POINT	44.760	G:/Individual recognition vids/Blind videos/DY26.MP4	1119	NA	
DY26	2024-01-21 20:23:12	Probably garbage, I believe it was redone, keep until sure. Sound not scored	638.840	Media file(s)	player #1:G:/Individual recognition vids/Blind videos/DY26.MP4	655.200	25.000	Lukka	FRP		2022-09-11T10:00:00	Centre	Overcast	KLF	Departure	 5 m		Look	Reaction	At speaker	POINT	45.680	G:/Individual recognition vids/Blind videos/DY26.MP4	1142	NA	
DY26	2024-01-21 20:23:12	Probably garbage, I believe it was redone, keep until sure. Sound not scored	638.840	Media file(s)	player #1:G:/Individual recognition vids/Blind videos/DY26.MP4	655.200	25.000	Lukka	FRP		2022-09-11T10:00:00	Centre	Overcast	KLF	Departure	 5 m		Look	Reaction	Away from speaker	POINT	47.240	G:/Individual recognition vids/Blind videos/DY26.MP4	1182	NA	
DY26	2024-01-21 20:23:12	Probably garbage, I believe it was redone, keep until sure. Sound not scored	638.840	Media file(s)	player #1:G:/Individual recognition vids/Blind videos/DY26.MP4	655.200	25.000	Lukka	FRP		2022-09-11T10:00:00	Centre	Overcast	KLF	Departure	 5 m		Look	Reaction	At speaker	POINT	48.760	G:/Individual recognition vids/Blind videos/DY26.MP4	1219	NA	
DY26	2024-01-21 20:23:12	Probably garbage, I believe it was redone, keep until sure. Sound not scored	638.840	Media file(s)	player #1:G:/Individual recognition vids/Blind videos/DY26.MP4	655.200	25.000	Lukka	FRP		2022-09-11T10:00:00	Centre	Overcast	KLF	Departure	 5 m		Look	Reaction	Away from speaker	POINT	49.880	G:/Individual recognition vids/Blind videos/DY26.MP4	1247	NA	
DY26	2024-01-21 20:23:12	Probably garbage, I believe it was redone, keep until sure. Sound not scored	638.840	Media file(s)	player #1:G:/Individual recognition vids/Blind videos/DY26.MP4	655.200	25.000	Lukka	FRP		2022-09-11T10:00:00	Centre	Overcast	KLF	Departure	 5 m		Look	Reaction	Away from speaker	POINT	52.440	G:/Individual recognition vids/Blind videos/DY26.MP4	1312	NA	
DY26	2024-01-21 20:23:12	Probably garbage, I believe it was redone, keep until sure. Sound not scored	638.840	Media file(s)	player #1:G:/Individual recognition vids/Blind videos/DY26.MP4	655.200	25.000	Lukka	FRP		2022-09-11T10:00:00	Centre	Overcast	KLF	Departure	 5 m		Look	Reaction	Away from speaker	POINT	53.360	G:/Individual recognition vids/Blind videos/DY26.MP4	1335	NA	
DY26	2024-01-21 20:23:12	Probably garbage, I believe it was redone, keep until sure. Sound not scored	638.840	Media file(s)	player #1:G:/Individual recognition vids/Blind videos/DY26.MP4	655.200	25.000	Lukka	FRP		2022-09-11T10:00:00	Centre	Overcast	KLF	Departure	 5 m		Look	Reaction	Away from speaker	POINT	56.560	G:/Individual recognition vids/Blind videos/DY26.MP4	1414	NA	
DY26	2024-01-21 20:23:12	Probably garbage, I believe it was redone, keep until sure. Sound not scored	638.840	Media file(s)	player #1:G:/Individual recognition vids/Blind videos/DY26.MP4	655.200	25.000	Lukka	FRP		2022-09-11T10:00:00	Centre	Overcast	KLF	Departure	 5 m		Look	Reaction	Away from speaker	POINT	58.200	G:/Individual recognition vids/Blind videos/DY26.MP4	1455	NA	
DY26	2024-01-21 20:23:12	Probably garbage, I believe it was redone, keep until sure. Sound not scored	638.840	Media file(s)	player #1:G:/Individual recognition vids/Blind videos/DY26.MP4	655.200	25.000	Lukka	FRP		2022-09-11T10:00:00	Centre	Overcast	KLF	Departure	 5 m		Vig	Time budget	Mid neck	STOP	59.199	G:/Individual recognition vids/Blind videos/DY26.MP4	NA	NA	
DY26	2024-01-21 20:23:12	Probably garbage, I believe it was redone, keep until sure. Sound not scored	638.840	Media file(s)	player #1:G:/Individual recognition vids/Blind videos/DY26.MP4	655.200	25.000	Lukka	FRP		2022-09-11T10:00:00	Centre	Overcast	KLF	Departure	 5 m		Eat	Time budget	With kin	START	59.200	G:/Individual recognition vids/Blind videos/DY26.MP4	1480	NA	
DY26	2024-01-21 20:23:12	Probably garbage, I believe it was redone, keep until sure. Sound not scored	638.840	Media file(s)	player #1:G:/Individual recognition vids/Blind videos/DY26.MP4	655.200	25.000	Lukka	FRP		2022-09-11T10:00:00	Centre	Overcast	KLF	Departure	 5 m		Eat	Time budget	With kin	STOP	62.839	G:/Individual recognition vids/Blind videos/DY26.MP4	NA	NA	
DY26	2024-01-21 20:23:12	Probably garbage, I believe it was redone, keep until sure. Sound not scored	638.840	Media file(s)	player #1:G:/Individual recognition vids/Blind videos/DY26.MP4	655.200	25.000	Lukka	FRP		2022-09-11T10:00:00	Centre	Overcast	KLF	Departure	 5 m		Vig	Time budget	Mid neck	START	62.840	G:/Individual recognition vids/Blind videos/DY26.MP4	1571	NA	
DY26	2024-01-21 20:23:12	Probably garbage, I believe it was redone, keep until sure. Sound not scored	638.840	Media file(s)	player #1:G:/Individual recognition vids/Blind videos/DY26.MP4	655.200	25.000	Lukka	FRP		2022-09-11T10:00:00	Centre	Overcast	KLF	Departure	 5 m		Look	Reaction	At speaker	POINT	65.600	G:/Individual recognition vids/Blind videos/DY26.MP4	1640	NA	
DY26	2024-01-21 20:23:12	Probably garbage, I believe it was redone, keep until sure. Sound not scored	638.840	Media file(s)	player #1:G:/Individual recognition vids/Blind videos/DY26.MP4	655.200	25.000	Lukka	FRP		2022-09-11T10:00:00	Centre	Overcast	KLF	Departure	 5 m		Look	Reaction	Away from speaker	POINT	69.000	G:/Individual recognition vids/Blind videos/DY26.MP4	1725	NA	
DY26	2024-01-21 20:23:12	Probably garbage, I believe it was redone, keep until sure. Sound not scored	638.840	Media file(s)	player #1:G:/Individual recognition vids/Blind videos/DY26.MP4	655.200	25.000	Lukka	FRP		2022-09-11T10:00:00	Centre	Overcast	KLF	Departure	 5 m		Look	Reaction	Away from speaker	POINT	71.400	G:/Individual recognition vids/Blind videos/DY26.MP4	1785	NA	
DY26	2024-01-21 20:23:12	Probably garbage, I believe it was redone, keep until sure. Sound not scored	638.840	Media file(s)	player #1:G:/Individual recognition vids/Blind videos/DY26.MP4	655.200	25.000	Lukka	FRP		2022-09-11T10:00:00	Centre	Overcast	KLF	Departure	 5 m		Look	Reaction	Away from speaker	POINT	74.440	G:/Individual recognition vids/Blind videos/DY26.MP4	1861	NA	
DY26	2024-01-21 20:23:12	Probably garbage, I believe it was redone, keep until sure. Sound not scored	638.840	Media file(s)	player #1:G:/Individual recognition vids/Blind videos/DY26.MP4	655.200	25.000	Lukka	FRP		2022-09-11T10:00:00	Centre	Overcast	KLF	Departure	 5 m		Look	Reaction	At speaker	POINT	79.040	G:/Individual recognition vids/Blind videos/DY26.MP4	1976	NA	
DY26	2024-01-21 20:23:12	Probably garbage, I believe it was redone, keep until sure. Sound not scored	638.840	Media file(s)	player #1:G:/Individual recognition vids/Blind videos/DY26.MP4	655.200	25.000	Lukka	FRP		2022-09-11T10:00:00	Centre	Overcast	KLF	Departure	 5 m		Fllw	Interaction	Kin	POINT	81.200	G:/Individual recognition vids/Blind videos/DY26.MP4	2030	NA	
DY26	2024-01-21 20:23:12	Probably garbage, I believe it was redone, keep until sure. Sound not scored	638.840	Media file(s)	player #1:G:/Individual recognition vids/Blind videos/DY26.MP4	655.200	25.000	Lukka	FRP		2022-09-11T10:00:00	Centre	Overcast	KLF	Departure	 5 m		Look	Reaction	At speaker	POINT	81.760	G:/Individual recognition vids/Blind videos/DY26.MP4	2044	NA	
DY26	2024-01-21 20:23:12	Probably garbage, I believe it was redone, keep until sure. Sound not scored	638.840	Media file(s)	player #1:G:/Individual recognition vids/Blind videos/DY26.MP4	655.200	25.000	Lukka	FRP		2022-09-11T10:00:00	Centre	Overcast	KLF	Departure	 5 m		Htlt	Reaction		POINT	82.840	G:/Individual recognition vids/Blind videos/DY26.MP4	2071	NA	
DY26	2024-01-21 20:23:12	Probably garbage, I believe it was redone, keep until sure. Sound not scored	638.840	Media file(s)	player #1:G:/Individual recognition vids/Blind videos/DY26.MP4	655.200	25.000	Lukka	FRP		2022-09-11T10:00:00	Centre	Overcast	KLF	Departure	 5 m		Look	Reaction	Away from speaker	POINT	83.360	G:/Individual recognition vids/Blind videos/DY26.MP4	2084	NA	
DY26	2024-01-21 20:23:12	Probably garbage, I believe it was redone, keep until sure. Sound not scored	638.840	Media file(s)	player #1:G:/Individual recognition vids/Blind videos/DY26.MP4	655.200	25.000	Lukka	FRP		2022-09-11T10:00:00	Centre	Overcast	KLF	Departure	 5 m		Look	Reaction	At speaker	POINT	87.000	G:/Individual recognition vids/Blind videos/DY26.MP4	2175	NA	
DY26	2024-01-21 20:23:12	Probably garbage, I believe it was redone, keep until sure. Sound not scored	638.840	Media file(s)	player #1:G:/Individual recognition vids/Blind videos/DY26.MP4	655.200	25.000	Lukka	FRP		2022-09-11T10:00:00	Centre	Overcast	KLF	Departure	 5 m		Htlt	Reaction		POINT	88.440	G:/Individual recognition vids/Blind videos/DY26.MP4	2211	NA	
DY26	2024-01-21 20:23:12	Probably garbage, I believe it was redone, keep until sure. Sound not scored	638.840	Media file(s)	player #1:G:/Individual recognition vids/Blind videos/DY26.MP4	655.200	25.000	Lukka	FRP		2022-09-11T10:00:00	Centre	Overcast	KLF	Departure	 5 m		Look	Reaction	Away from speaker	POINT	88.440	G:/Individual recognition vids/Blind videos/DY26.MP4	2211	NA	
DY26	2024-01-21 20:23:12	Probably garbage, I believe it was redone, keep until sure. Sound not scored	638.840	Media file(s)	player #1:G:/Individual recognition vids/Blind videos/DY26.MP4	655.200	25.000	Lukka	FRP		2022-09-11T10:00:00	Centre	Overcast	KLF	Departure	 5 m		Look	Reaction	Away from speaker	POINT	89.280	G:/Individual recognition vids/Blind videos/DY26.MP4	2232	NA	
DY26	2024-01-21 20:23:12	Probably garbage, I believe it was redone, keep until sure. Sound not scored	638.840	Media file(s)	player #1:G:/Individual recognition vids/Blind videos/DY26.MP4	655.200	25.000	Lukka	FRP		2022-09-11T10:00:00	Centre	Overcast	KLF	Departure	 5 m		Look	Reaction	At speaker	POINT	92.120	G:/Individual recognition vids/Blind videos/DY26.MP4	2303	NA	
DY26	2024-01-21 20:23:12	Probably garbage, I believe it was redone, keep until sure. Sound not scored	638.840	Media file(s)	player #1:G:/Individual recognition vids/Blind videos/DY26.MP4	655.200	25.000	Lukka	FRP		2022-09-11T10:00:00	Centre	Overcast	KLF	Departure	 5 m		Look	Reaction	At speaker	POINT	93.400	G:/Individual recognition vids/Blind videos/DY26.MP4	2335	NA	
DY26	2024-01-21 20:23:12	Probably garbage, I believe it was redone, keep until sure. Sound not scored	638.840	Media file(s)	player #1:G:/Individual recognition vids/Blind videos/DY26.MP4	655.200	25.000	Lukka	FRP		2022-09-11T10:00:00	Centre	Overcast	KLF	Departure	 5 m		Look	Reaction	Away from speaker	POINT	96.720	G:/Individual recognition vids/Blind videos/DY26.MP4	2418	NA	
DY26	2024-01-21 20:23:12	Probably garbage, I believe it was redone, keep until sure. Sound not scored	638.840	Media file(s)	player #1:G:/Individual recognition vids/Blind videos/DY26.MP4	655.200	25.000	Lukka	FRP		2022-09-11T10:00:00	Centre	Overcast	KLF	Departure	 5 m		Look	Reaction	At speaker	POINT	98.000	G:/Individual recognition vids/Blind videos/DY26.MP4	2450	NA	
DY26	2024-01-21 20:23:12	Probably garbage, I believe it was redone, keep until sure. Sound not scored	638.840	Media file(s)	player #1:G:/Individual recognition vids/Blind videos/DY26.MP4	655.200	25.000	Lukka	FRP		2022-09-11T10:00:00	Centre	Overcast	KLF	Departure	 5 m		Look	Reaction	At speaker	POINT	99.120	G:/Individual recognition vids/Blind videos/DY26.MP4	2478	NA	
DY26	2024-01-21 20:23:12	Probably garbage, I believe it was redone, keep until sure. Sound not scored	638.840	Media file(s)	player #1:G:/Individual recognition vids/Blind videos/DY26.MP4	655.200	25.000	Lukka	FRP		2022-09-11T10:00:00	Centre	Overcast	KLF	Departure	 5 m		Look	Reaction	At speaker	POINT	100.720	G:/Individual recognition vids/Blind videos/DY26.MP4	2518	NA	
DY26	2024-01-21 20:23:12	Probably garbage, I believe it was redone, keep until sure. Sound not scored	638.840	Media file(s)	player #1:G:/Individual recognition vids/Blind videos/DY26.MP4	655.200	25.000	Lukka	FRP		2022-09-11T10:00:00	Centre	Overcast	KLF	Departure	 5 m		Look	Reaction	Away from speaker	POINT	103.600	G:/Individual recognition vids/Blind videos/DY26.MP4	2590	NA	
DY26	2024-01-21 20:23:12	Probably garbage, I believe it was redone, keep until sure. Sound not scored	638.840	Media file(s)	player #1:G:/Individual recognition vids/Blind videos/DY26.MP4	655.200	25.000	Lukka	FRP		2022-09-11T10:00:00	Centre	Overcast	KLF	Departure	 5 m		Look	Reaction	At speaker	POINT	104.560	G:/Individual recognition vids/Blind videos/DY26.MP4	2614	NA	
DY26	2024-01-21 20:23:12	Probably garbage, I believe it was redone, keep until sure. Sound not scored	638.840	Media file(s)	player #1:G:/Individual recognition vids/Blind videos/DY26.MP4	655.200	25.000	Lukka	FRP		2022-09-11T10:00:00	Centre	Overcast	KLF	Departure	 5 m		Htlt	Reaction		POINT	105.280	G:/Individual recognition vids/Blind videos/DY26.MP4	2632	NA	
DY26	2024-01-21 20:23:12	Probably garbage, I believe it was redone, keep until sure. Sound not scored	638.840	Media file(s)	player #1:G:/Individual recognition vids/Blind videos/DY26.MP4	655.200	25.000	Lukka	FRP		2022-09-11T10:00:00	Centre	Overcast	KLF	Departure	 5 m		Look	Reaction	Away from speaker	POINT	106.840	G:/Individual recognition vids/Blind videos/DY26.MP4	2671	NA	
DY26	2024-01-21 20:23:12	Probably garbage, I believe it was redone, keep until sure. Sound not scored	638.840	Media file(s)	player #1:G:/Individual recognition vids/Blind videos/DY26.MP4	655.200	25.000	Lukka	FRP		2022-09-11T10:00:00	Centre	Overcast	KLF	Departure	 5 m		Look	Reaction	Away from speaker	POINT	109.360	G:/Individual recognition vids/Blind videos/DY26.MP4	2734	NA	
DY26	2024-01-21 20:23:12	Probably garbage, I believe it was redone, keep until sure. Sound not scored	638.840	Media file(s)	player #1:G:/Individual recognition vids/Blind videos/DY26.MP4	655.200	25.000	Lukka	FRP		2022-09-11T10:00:00	Centre	Overcast	KLF	Departure	 5 m		Look	Reaction	At speaker	POINT	110.840	G:/Individual recognition vids/Blind videos/DY26.MP4	2771	NA	
DY26	2024-01-21 20:23:12	Probably garbage, I believe it was redone, keep until sure. Sound not scored	638.840	Media file(s)	player #1:G:/Individual recognition vids/Blind videos/DY26.MP4	655.200	25.000	Lukka	FRP		2022-09-11T10:00:00	Centre	Overcast	KLF	Departure	 5 m		Look	Reaction	At speaker	POINT	118.320	G:/Individual recognition vids/Blind videos/DY26.MP4	2958	NA	
DY26	2024-01-21 20:23:12	Probably garbage, I believe it was redone, keep until sure. Sound not scored	638.840	Media file(s)	player #1:G:/Individual recognition vids/Blind videos/DY26.MP4	655.200	25.000	Lukka	FRP		2022-09-11T10:00:00	Centre	Overcast	KLF	Departure	 5 m		Look	Reaction	Away from speaker	POINT	120.160	G:/Individual recognition vids/Blind videos/DY26.MP4	3004	NA	
DY26	2024-01-21 20:23:12	Probably garbage, I believe it was redone, keep until sure. Sound not scored	638.840	Media file(s)	player #1:G:/Individual recognition vids/Blind videos/DY26.MP4	655.200	25.000	Lukka	FRP		2022-09-11T10:00:00	Centre	Overcast	KLF	Departure	 5 m		Look	Reaction	Away from speaker	POINT	126.040	G:/Individual recognition vids/Blind videos/DY26.MP4	3151	NA	
DY26	2024-01-21 20:23:12	Probably garbage, I believe it was redone, keep until sure. Sound not scored	638.840	Media file(s)	player #1:G:/Individual recognition vids/Blind videos/DY26.MP4	655.200	25.000	Lukka	FRP		2022-09-11T10:00:00	Centre	Overcast	KLF	Departure	 5 m		Look	Reaction	Away from speaker	POINT	127.440	G:/Individual recognition vids/Blind videos/DY26.MP4	3186	NA	
DY26	2024-01-21 20:23:12	Probably garbage, I believe it was redone, keep until sure. Sound not scored	638.840	Media file(s)	player #1:G:/Individual recognition vids/Blind videos/DY26.MP4	655.200	25.000	Lukka	FRP		2022-09-11T10:00:00	Centre	Overcast	KLF	Departure	 5 m		Htlt	Reaction		POINT	127.680	G:/Individual recognition vids/Blind videos/DY26.MP4	3192	NA	
DY26	2024-01-21 20:23:12	Probably garbage, I believe it was redone, keep until sure. Sound not scored	638.840	Media file(s)	player #1:G:/Individual recognition vids/Blind videos/DY26.MP4	655.200	25.000	Lukka	FRP		2022-09-11T10:00:00	Centre	Overcast	KLF	Departure	 5 m		Look	Reaction	Away from speaker	POINT	130.880	G:/Individual recognition vids/Blind videos/DY26.MP4	3273	NA	
DY26	2024-01-21 20:23:12	Probably garbage, I believe it was redone, keep until sure. Sound not scored	638.840	Media file(s)	player #1:G:/Individual recognition vids/Blind videos/DY26.MP4	655.200	25.000	Lukka	FRP		2022-09-11T10:00:00	Centre	Overcast	KLF	Departure	 5 m		Htlt	Reaction		POINT	131.760	G:/Individual recognition vids/Blind videos/DY26.MP4	3294	NA	
DY26	2024-01-21 20:23:12	Probably garbage, I believe it was redone, keep until sure. Sound not scored	638.840	Media file(s)	player #1:G:/Individual recognition vids/Blind videos/DY26.MP4	655.200	25.000	Lukka	FRP		2022-09-11T10:00:00	Centre	Overcast	KLF	Departure	 5 m		HSH	Reaction		POINT	132.480	G:/Individual recognition vids/Blind videos/DY26.MP4	3312	NA	
DY26	2024-01-21 20:23:12	Probably garbage, I believe it was redone, keep until sure. Sound not scored	638.840	Media file(s)	player #1:G:/Individual recognition vids/Blind videos/DY26.MP4	655.200	25.000	Lukka	FRP		2022-09-11T10:00:00	Centre	Overcast	KLF	Departure	 5 m		Look	Reaction	Away from speaker	POINT	134.200	G:/Individual recognition vids/Blind videos/DY26.MP4	3355	NA	
DY26	2024-01-21 20:23:12	Probably garbage, I believe it was redone, keep until sure. Sound not scored	638.840	Media file(s)	player #1:G:/Individual recognition vids/Blind videos/DY26.MP4	655.200	25.000	Lukka	FRP		2022-09-11T10:00:00	Centre	Overcast	KLF	Departure	 5 m		Look	Reaction	Away from speaker	POINT	136.320	G:/Individual recognition vids/Blind videos/DY26.MP4	3408	NA	
DY26	2024-01-21 20:23:12	Probably garbage, I believe it was redone, keep until sure. Sound not scored	638.840	Media file(s)	player #1:G:/Individual recognition vids/Blind videos/DY26.MP4	655.200	25.000	Lukka	FRP		2022-09-11T10:00:00	Centre	Overcast	KLF	Departure	 5 m		Look	Reaction	Away from speaker	POINT	138.960	G:/Individual recognition vids/Blind videos/DY26.MP4	3474	NA	
DY26	2024-01-21 20:23:12	Probably garbage, I believe it was redone, keep until sure. Sound not scored	638.840	Media file(s)	player #1:G:/Individual recognition vids/Blind videos/DY26.MP4	655.200	25.000	Lukka	FRP		2022-09-11T10:00:00	Centre	Overcast	KLF	Departure	 5 m		Look	Reaction	Away from speaker	POINT	140.440	G:/Individual recognition vids/Blind videos/DY26.MP4	3511	NA	
DY26	2024-01-21 20:23:12	Probably garbage, I believe it was redone, keep until sure. Sound not scored	638.840	Media file(s)	player #1:G:/Individual recognition vids/Blind videos/DY26.MP4	655.200	25.000	Lukka	FRP		2022-09-11T10:00:00	Centre	Overcast	KLF	Departure	 5 m		Look	Reaction	Away from speaker	POINT	141.960	G:/Individual recognition vids/Blind videos/DY26.MP4	3549	NA	
DY26	2024-01-21 20:23:12	Probably garbage, I believe it was redone, keep until sure. Sound not scored	638.840	Media file(s)	player #1:G:/Individual recognition vids/Blind videos/DY26.MP4	655.200	25.000	Lukka	FRP		2022-09-11T10:00:00	Centre	Overcast	KLF	Departure	 5 m		Look	Reaction	Away from speaker	POINT	147.560	G:/Individual recognition vids/Blind videos/DY26.MP4	3689	NA	
DY26	2024-01-21 20:23:12	Probably garbage, I believe it was redone, keep until sure. Sound not scored	638.840	Media file(s)	player #1:G:/Individual recognition vids/Blind videos/DY26.MP4	655.200	25.000	Lukka	FRP		2022-09-11T10:00:00	Centre	Overcast	KLF	Departure	 5 m		Look	Reaction	Away from speaker	POINT	148.760	G:/Individual recognition vids/Blind videos/DY26.MP4	3719	NA	
DY26	2024-01-21 20:23:12	Probably garbage, I believe it was redone, keep until sure. Sound not scored	638.840	Media file(s)	player #1:G:/Individual recognition vids/Blind videos/DY26.MP4	655.200	25.000	Lukka	FRP		2022-09-11T10:00:00	Centre	Overcast	KLF	Departure	 5 m		Look	Reaction	Away from speaker	POINT	152.480	G:/Individual recognition vids/Blind videos/DY26.MP4	3812	NA	
DY26	2024-01-21 20:23:12	Probably garbage, I believe it was redone, keep until sure. Sound not scored	638.840	Media file(s)	player #1:G:/Individual recognition vids/Blind videos/DY26.MP4	655.200	25.000	Lukka	FRP		2022-09-11T10:00:00	Centre	Overcast	KLF	Departure	 5 m		Vig	Time budget	Mid neck	STOP	154.439	G:/Individual recognition vids/Blind videos/DY26.MP4	NA	NA	
DY26	2024-01-21 20:23:12	Probably garbage, I believe it was redone, keep until sure. Sound not scored	638.840	Media file(s)	player #1:G:/Individual recognition vids/Blind videos/DY26.MP4	655.200	25.000	Lukka	FRP		2022-09-11T10:00:00	Centre	Overcast	KLF	Departure	 5 m		Eat	Time budget	With kin	START	154.440	G:/Individual recognition vids/Blind videos/DY26.MP4	3861	NA	
DY26	2024-01-21 20:23:12	Probably garbage, I believe it was redone, keep until sure. Sound not scored	638.840	Media file(s)	player #1:G:/Individual recognition vids/Blind videos/DY26.MP4	655.200	25.000	Lukka	FRP		2022-09-11T10:00:00	Centre	Overcast	KLF	Departure	 5 m		HSH	Reaction		POINT	154.880	G:/Individual recognition vids/Blind videos/DY26.MP4	3872	NA	
DY26	2024-01-21 20:23:12	Probably garbage, I believe it was redone, keep until sure. Sound not scored	638.840	Media file(s)	player #1:G:/Individual recognition vids/Blind videos/DY26.MP4	655.200	25.000	Lukka	FRP		2022-09-11T10:00:00	Centre	Overcast	KLF	Departure	 5 m		Look	Reaction	Away from speaker	POINT	156.040	G:/Individual recognition vids/Blind videos/DY26.MP4	3901	NA	
DY26	2024-01-21 20:23:12	Probably garbage, I believe it was redone, keep until sure. Sound not scored	638.840	Media file(s)	player #1:G:/Individual recognition vids/Blind videos/DY26.MP4	655.200	25.000	Lukka	FRP		2022-09-11T10:00:00	Centre	Overcast	KLF	Departure	 5 m		Eat	Time budget	With kin	STOP	157.520	G:/Individual recognition vids/Blind videos/DY26.MP4	3938	NA	
DY26	2024-01-21 20:23:12	Probably garbage, I believe it was redone, keep until sure. Sound not scored	638.840	Media file(s)	player #1:G:/Individual recognition vids/Blind videos/DY26.MP4	655.200	25.000	Lukka	FRP		2022-09-11T10:00:00	Centre	Overcast	KLF	Departure	 5 m		Look	Reaction	At speaker	POINT	158.400	G:/Individual recognition vids/Blind videos/DY26.MP4	3960	NA	
DY26	2024-01-21 20:23:12	Probably garbage, I believe it was redone, keep until sure. Sound not scored	638.840	Media file(s)	player #1:G:/Individual recognition vids/Blind videos/DY26.MP4	655.200	25.000	Lukka	FRP		2022-09-11T10:00:00	Centre	Overcast	KLF	Departure	 5 m		Look	Reaction	Away from speaker	POINT	159.600	G:/Individual recognition vids/Blind videos/DY26.MP4	3990	NA	
DY26	2024-01-21 20:23:12	Probably garbage, I believe it was redone, keep until sure. Sound not scored	638.840	Media file(s)	player #1:G:/Individual recognition vids/Blind videos/DY26.MP4	655.200	25.000	Lukka	FRP		2022-09-11T10:00:00	Centre	Overcast	KLF	Departure	 5 m		Look	Reaction	Away from speaker	POINT	164.160	G:/Individual recognition vids/Blind videos/DY26.MP4	4104	NA	
DY26	2024-01-21 20:23:12	Probably garbage, I believe it was redone, keep until sure. Sound not scored	638.840	Media file(s)	player #1:G:/Individual recognition vids/Blind videos/DY26.MP4	655.200	25.000	Lukka	FRP		2022-09-11T10:00:00	Centre	Overcast	KLF	Departure	 5 m		Look	Reaction	Away from speaker	POINT	167.720	G:/Individual recognition vids/Blind videos/DY26.MP4	4193	NA	
DY26	2024-01-21 20:23:12	Probably garbage, I believe it was redone, keep until sure. Sound not scored	638.840	Media file(s)	player #1:G:/Individual recognition vids/Blind videos/DY26.MP4	655.200	25.000	Lukka	FRP		2022-09-11T10:00:00	Centre	Overcast	KLF	Departure	 5 m		Look	Reaction	Away from speaker	POINT	169.560	G:/Individual recognition vids/Blind videos/DY26.MP4	4239	NA	
DY26	2024-01-21 20:23:12	Probably garbage, I believe it was redone, keep until sure. Sound not scored	638.840	Media file(s)	player #1:G:/Individual recognition vids/Blind videos/DY26.MP4	655.200	25.000	Lukka	FRP		2022-09-11T10:00:00	Centre	Overcast	KLF	Departure	 5 m		Look	Reaction	Away from speaker	POINT	172.160	G:/Individual recognition vids/Blind videos/DY26.MP4	4304	NA	
DY26	2024-01-21 20:23:12	Probably garbage, I believe it was redone, keep until sure. Sound not scored	638.840	Media file(s)	player #1:G:/Individual recognition vids/Blind videos/DY26.MP4	655.200	25.000	Lukka	FRP		2022-09-11T10:00:00	Centre	Overcast	KLF	Departure	 5 m		Look	Reaction	Away from speaker	POINT	174.320	G:/Individual recognition vids/Blind videos/DY26.MP4	4358	NA	
DY26	2024-01-21 20:23:12	Probably garbage, I believe it was redone, keep until sure. Sound not scored	638.840	Media file(s)	player #1:G:/Individual recognition vids/Blind videos/DY26.MP4	655.200	25.000	Lukka	FRP		2022-09-11T10:00:00	Centre	Overcast	KLF	Departure	 5 m		Look	Reaction	At speaker	POINT	177.920	G:/Individual recognition vids/Blind videos/DY26.MP4	4448	NA	
DY26	2024-01-21 20:23:12	Probably garbage, I believe it was redone, keep until sure. Sound not scored	638.840	Media file(s)	player #1:G:/Individual recognition vids/Blind videos/DY26.MP4	655.200	25.000	Lukka	FRP		2022-09-11T10:00:00	Centre	Overcast	KLF	Departure	 5 m		Look	Reaction	Away from speaker	POINT	179.320	G:/Individual recognition vids/Blind videos/DY26.MP4	4483	NA	
DY26	2024-01-21 20:23:12	Probably garbage, I believe it was redone, keep until sure. Sound not scored	638.840	Media file(s)	player #1:G:/Individual recognition vids/Blind videos/DY26.MP4	655.200	25.000	Lukka	FRP		2022-09-11T10:00:00	Centre	Overcast	KLF	Departure	 5 m		Look	Reaction	At speaker	POINT	183.360	G:/Individual recognition vids/Blind videos/DY26.MP4	4584	NA	
DY26	2024-01-21 20:23:12	Probably garbage, I believe it was redone, keep until sure. Sound not scored	638.840	Media file(s)	player #1:G:/Individual recognition vids/Blind videos/DY26.MP4	655.200	25.000	Lukka	FRP		2022-09-11T10:00:00	Centre	Overcast	KLF	Departure	 5 m		HSH	Reaction		POINT	185.800	G:/Individual recognition vids/Blind videos/DY26.MP4	4645	NA	
DY26	2024-01-21 20:23:12	Probably garbage, I believe it was redone, keep until sure. Sound not scored	638.840	Media file(s)	player #1:G:/Individual recognition vids/Blind videos/DY26.MP4	655.200	25.000	Lukka	FRP		2022-09-11T10:00:00	Centre	Overcast	KLF	Departure	 5 m		Look	Reaction	Away from speaker	POINT	186.600	G:/Individual recognition vids/Blind videos/DY26.MP4	4665	NA	
DY26	2024-01-21 20:23:12	Probably garbage, I believe it was redone, keep until sure. Sound not scored	638.840	Media file(s)	player #1:G:/Individual recognition vids/Blind videos/DY26.MP4	655.200	25.000	Lukka	FRP		2022-09-11T10:00:00	Centre	Overcast	KLF	Departure	 5 m		Look	Reaction	At speaker	POINT	192.240	G:/Individual recognition vids/Blind videos/DY26.MP4	4806	NA	
DY26	2024-01-21 20:23:12	Probably garbage, I believe it was redone, keep until sure. Sound not scored	638.840	Media file(s)	player #1:G:/Individual recognition vids/Blind videos/DY26.MP4	655.200	25.000	Lukka	FRP		2022-09-11T10:00:00	Centre	Overcast	KLF	Departure	 5 m		Htlt	Reaction		POINT	192.800	G:/Individual recognition vids/Blind videos/DY26.MP4	4820	NA	
DY26	2024-01-21 20:23:12	Probably garbage, I believe it was redone, keep until sure. Sound not scored	638.840	Media file(s)	player #1:G:/Individual recognition vids/Blind videos/DY26.MP4	655.200	25.000	Lukka	FRP		2022-09-11T10:00:00	Centre	Overcast	KLF	Departure	 5 m		Look	Reaction	At speaker	POINT	195.640	G:/Individual recognition vids/Blind videos/DY26.MP4	4891	NA	
DY26	2024-01-21 20:23:12	Probably garbage, I believe it was redone, keep until sure. Sound not scored	638.840	Media file(s)	player #1:G:/Individual recognition vids/Blind videos/DY26.MP4	655.200	25.000	Lukka	FRP		2022-09-11T10:00:00	Centre	Overcast	KLF	Departure	 5 m		Rst	Time budget	With kin	START	199.000	G:/Individual recognition vids/Blind videos/DY26.MP4	4975	NA	
DY26	2024-01-21 20:23:12	Probably garbage, I believe it was redone, keep until sure. Sound not scored	638.840	Media file(s)	player #1:G:/Individual recognition vids/Blind videos/DY26.MP4	655.200	25.000	Lukka	FRP		2022-09-11T10:00:00	Centre	Overcast	KLF	Departure	 5 m		Look	Reaction	Away from speaker	POINT	207.200	G:/Individual recognition vids/Blind videos/DY26.MP4	5180	NA	
DY26	2024-01-21 20:23:12	Probably garbage, I believe it was redone, keep until sure. Sound not scored	638.840	Media file(s)	player #1:G:/Individual recognition vids/Blind videos/DY26.MP4	655.200	25.000	Lukka	FRP		2022-09-11T10:00:00	Centre	Overcast	KLF	Departure	 5 m		Look	Reaction	At speaker	POINT	208.720	G:/Individual recognition vids/Blind videos/DY26.MP4	5218	NA	
DY26	2024-01-21 20:23:12	Probably garbage, I believe it was redone, keep until sure. Sound not scored	638.840	Media file(s)	player #1:G:/Individual recognition vids/Blind videos/DY26.MP4	655.200	25.000	Lukka	FRP		2022-09-11T10:00:00	Centre	Overcast	KLF	Departure	 5 m		Rst	Time budget	With kin	STOP	212.999	G:/Individual recognition vids/Blind videos/DY26.MP4	NA	NA	
DY26	2024-01-21 20:23:12	Probably garbage, I believe it was redone, keep until sure. Sound not scored	638.840	Media file(s)	player #1:G:/Individual recognition vids/Blind videos/DY26.MP4	655.200	25.000	Lukka	FRP		2022-09-11T10:00:00	Centre	Overcast	KLF	Departure	 5 m		Vig	Time budget	Short Neck	START	213.000	G:/Individual recognition vids/Blind videos/DY26.MP4	5326	NA	
DY26	2024-01-21 20:23:12	Probably garbage, I believe it was redone, keep until sure. Sound not scored	638.840	Media file(s)	player #1:G:/Individual recognition vids/Blind videos/DY26.MP4	655.200	25.000	Lukka	FRP		2022-09-11T10:00:00	Centre	Overcast	KLF	Departure	 5 m		Look	Reaction	Away from speaker	POINT	215.640	G:/Individual recognition vids/Blind videos/DY26.MP4	5391	NA	
DY26	2024-01-21 20:23:12	Probably garbage, I believe it was redone, keep until sure. Sound not scored	638.840	Media file(s)	player #1:G:/Individual recognition vids/Blind videos/DY26.MP4	655.200	25.000	Lukka	FRP		2022-09-11T10:00:00	Centre	Overcast	KLF	Departure	 5 m		Look	Reaction	Away from speaker	POINT	216.560	G:/Individual recognition vids/Blind videos/DY26.MP4	5414	NA	
DY26	2024-01-21 20:23:12	Probably garbage, I believe it was redone, keep until sure. Sound not scored	638.840	Media file(s)	player #1:G:/Individual recognition vids/Blind videos/DY26.MP4	655.200	25.000	Lukka	FRP		2022-09-11T10:00:00	Centre	Overcast	KLF	Departure	 5 m		Look	Reaction	Away from speaker	POINT	217.760	G:/Individual recognition vids/Blind videos/DY26.MP4	5444	NA	
DY26	2024-01-21 20:23:12	Probably garbage, I believe it was redone, keep until sure. Sound not scored	638.840	Media file(s)	player #1:G:/Individual recognition vids/Blind videos/DY26.MP4	655.200	25.000	Lukka	FRP		2022-09-11T10:00:00	Centre	Overcast	KLF	Departure	 5 m		Look	Reaction	Away from speaker	POINT	219.720	G:/Individual recognition vids/Blind videos/DY26.MP4	5493	NA	
DY26	2024-01-21 20:23:12	Probably garbage, I believe it was redone, keep until sure. Sound not scored	638.840	Media file(s)	player #1:G:/Individual recognition vids/Blind videos/DY26.MP4	655.200	25.000	Lukka	FRP		2022-09-11T10:00:00	Centre	Overcast	KLF	Departure	 5 m		Look	Reaction	Away from speaker	POINT	222.520	G:/Individual recognition vids/Blind videos/DY26.MP4	5563	NA	
DY26	2024-01-21 20:23:12	Probably garbage, I believe it was redone, keep until sure. Sound not scored	638.840	Media file(s)	player #1:G:/Individual recognition vids/Blind videos/DY26.MP4	655.200	25.000	Lukka	FRP		2022-09-11T10:00:00	Centre	Overcast	KLF	Departure	 5 m		Look	Reaction	Away from speaker	POINT	226.280	G:/Individual recognition vids/Blind videos/DY26.MP4	5657	NA	
DY26	2024-01-21 20:23:12	Probably garbage, I believe it was redone, keep until sure. Sound not scored	638.840	Media file(s)	player #1:G:/Individual recognition vids/Blind videos/DY26.MP4	655.200	25.000	Lukka	FRP		2022-09-11T10:00:00	Centre	Overcast	KLF	Departure	 5 m		Look	Reaction	Away from speaker	POINT	229.840	G:/Individual recognition vids/Blind videos/DY26.MP4	5746	NA	
DY26	2024-01-21 20:23:12	Probably garbage, I believe it was redone, keep until sure. Sound not scored	638.840	Media file(s)	player #1:G:/Individual recognition vids/Blind videos/DY26.MP4	655.200	25.000	Lukka	FRP		2022-09-11T10:00:00	Centre	Overcast	KLF	Departure	 5 m		Look	Reaction	Away from speaker	POINT	232.960	G:/Individual recognition vids/Blind videos/DY26.MP4	5824	NA	
DY26	2024-01-21 20:23:12	Probably garbage, I believe it was redone, keep until sure. Sound not scored	638.840	Media file(s)	player #1:G:/Individual recognition vids/Blind videos/DY26.MP4	655.200	25.000	Lukka	FRP		2022-09-11T10:00:00	Centre	Overcast	KLF	Departure	 5 m		Look	Reaction	Away from speaker	POINT	234.440	G:/Individual recognition vids/Blind videos/DY26.MP4	5861	NA	
DY26	2024-01-21 20:23:12	Probably garbage, I believe it was redone, keep until sure. Sound not scored	638.840	Media file(s)	player #1:G:/Individual recognition vids/Blind videos/DY26.MP4	655.200	25.000	Lukka	FRP		2022-09-11T10:00:00	Centre	Overcast	KLF	Departure	 5 m		Look	Reaction	Away from speaker	POINT	240.360	G:/Individual recognition vids/Blind videos/DY26.MP4	6009	NA	
DY26	2024-01-21 20:23:12	Probably garbage, I believe it was redone, keep until sure. Sound not scored	638.840	Media file(s)	player #1:G:/Individual recognition vids/Blind videos/DY26.MP4	655.200	25.000	Lukka	FRP		2022-09-11T10:00:00	Centre	Overcast	KLF	Departure	 5 m		Htlt	Reaction		POINT	241.400	G:/Individual recognition vids/Blind videos/DY26.MP4	6035	NA	
DY26	2024-01-21 20:23:12	Probably garbage, I believe it was redone, keep until sure. Sound not scored	638.840	Media file(s)	player #1:G:/Individual recognition vids/Blind videos/DY26.MP4	655.200	25.000	Lukka	FRP		2022-09-11T10:00:00	Centre	Overcast	KLF	Departure	 5 m		Look	Reaction	At speaker	POINT	243.200	G:/Individual recognition vids/Blind videos/DY26.MP4	6080	NA	
DY26	2024-01-21 20:23:12	Probably garbage, I believe it was redone, keep until sure. Sound not scored	638.840	Media file(s)	player #1:G:/Individual recognition vids/Blind videos/DY26.MP4	655.200	25.000	Lukka	FRP		2022-09-11T10:00:00	Centre	Overcast	KLF	Departure	 5 m		Look	Reaction	Away from speaker	POINT	244.400	G:/Individual recognition vids/Blind videos/DY26.MP4	6110	NA	
DY26	2024-01-21 20:23:12	Probably garbage, I believe it was redone, keep until sure. Sound not scored	638.840	Media file(s)	player #1:G:/Individual recognition vids/Blind videos/DY26.MP4	655.200	25.000	Lukka	FRP		2022-09-11T10:00:00	Centre	Overcast	KLF	Departure	 5 m		Look	Reaction	Away from speaker	POINT	247.440	G:/Individual recognition vids/Blind videos/DY26.MP4	6186	NA	
DY26	2024-01-21 20:23:12	Probably garbage, I believe it was redone, keep until sure. Sound not scored	638.840	Media file(s)	player #1:G:/Individual recognition vids/Blind videos/DY26.MP4	655.200	25.000	Lukka	FRP		2022-09-11T10:00:00	Centre	Overcast	KLF	Departure	 5 m		Look	Reaction	Away from speaker	POINT	251.000	G:/Individual recognition vids/Blind videos/DY26.MP4	6275	NA	
DY26	2024-01-21 20:23:12	Probably garbage, I believe it was redone, keep until sure. Sound not scored	638.840	Media file(s)	player #1:G:/Individual recognition vids/Blind videos/DY26.MP4	655.200	25.000	Lukka	FRP		2022-09-11T10:00:00	Centre	Overcast	KLF	Departure	 5 m		Look	Reaction	At speaker	POINT	253.240	G:/Individual recognition vids/Blind videos/DY26.MP4	6331	NA	
DY26	2024-01-21 20:23:12	Probably garbage, I believe it was redone, keep until sure. Sound not scored	638.840	Media file(s)	player #1:G:/Individual recognition vids/Blind videos/DY26.MP4	655.200	25.000	Lukka	FRP		2022-09-11T10:00:00	Centre	Overcast	KLF	Departure	 5 m		HSH	Reaction		POINT	255.880	G:/Individual recognition vids/Blind videos/DY26.MP4	6397	NA	
DY26	2024-01-21 20:23:12	Probably garbage, I believe it was redone, keep until sure. Sound not scored	638.840	Media file(s)	player #1:G:/Individual recognition vids/Blind videos/DY26.MP4	655.200	25.000	Lukka	FRP		2022-09-11T10:00:00	Centre	Overcast	KLF	Departure	 5 m		Look	Reaction	At speaker	POINT	258.800	G:/Individual recognition vids/Blind videos/DY26.MP4	6470	NA	
DY26	2024-01-21 20:23:12	Probably garbage, I believe it was redone, keep until sure. Sound not scored	638.840	Media file(s)	player #1:G:/Individual recognition vids/Blind videos/DY26.MP4	655.200	25.000	Lukka	FRP		2022-09-11T10:00:00	Centre	Overcast	KLF	Departure	 5 m		Look	Reaction	Away from speaker	POINT	261.680	G:/Individual recognition vids/Blind videos/DY26.MP4	6542	NA	
DY26	2024-01-21 20:23:12	Probably garbage, I believe it was redone, keep until sure. Sound not scored	638.840	Media file(s)	player #1:G:/Individual recognition vids/Blind videos/DY26.MP4	655.200	25.000	Lukka	FRP		2022-09-11T10:00:00	Centre	Overcast	KLF	Departure	 5 m		Look	Reaction	At speaker	POINT	263.560	G:/Individual recognition vids/Blind videos/DY26.MP4	6589	NA	
DY26	2024-01-21 20:23:12	Probably garbage, I believe it was redone, keep until sure. Sound not scored	638.840	Media file(s)	player #1:G:/Individual recognition vids/Blind videos/DY26.MP4	655.200	25.000	Lukka	FRP		2022-09-11T10:00:00	Centre	Overcast	KLF	Departure	 5 m		Look	Reaction	Away from speaker	POINT	264.880	G:/Individual recognition vids/Blind videos/DY26.MP4	6622	NA	
DY26	2024-01-21 20:23:12	Probably garbage, I believe it was redone, keep until sure. Sound not scored	638.840	Media file(s)	player #1:G:/Individual recognition vids/Blind videos/DY26.MP4	655.200	25.000	Lukka	FRP		2022-09-11T10:00:00	Centre	Overcast	KLF	Departure	 5 m		Look	Reaction	Away from speaker	POINT	268.040	G:/Individual recognition vids/Blind videos/DY26.MP4	6701	NA	
DY26	2024-01-21 20:23:12	Probably garbage, I believe it was redone, keep until sure. Sound not scored	638.840	Media file(s)	player #1:G:/Individual recognition vids/Blind videos/DY26.MP4	655.200	25.000	Lukka	FRP		2022-09-11T10:00:00	Centre	Overcast	KLF	Departure	 5 m		Look	Reaction	Away from speaker	POINT	268.960	G:/Individual recognition vids/Blind videos/DY26.MP4	6724	NA	
DY26	2024-01-21 20:23:12	Probably garbage, I believe it was redone, keep until sure. Sound not scored	638.840	Media file(s)	player #1:G:/Individual recognition vids/Blind videos/DY26.MP4	655.200	25.000	Lukka	FRP		2022-09-11T10:00:00	Centre	Overcast	KLF	Departure	 5 m		Look	Reaction	Away from speaker	POINT	272.160	G:/Individual recognition vids/Blind videos/DY26.MP4	6804	NA	
DY26	2024-01-21 20:23:12	Probably garbage, I believe it was redone, keep until sure. Sound not scored	638.840	Media file(s)	player #1:G:/Individual recognition vids/Blind videos/DY26.MP4	655.200	25.000	Lukka	FRP		2022-09-11T10:00:00	Centre	Overcast	KLF	Departure	 5 m		Look	Reaction	Away from speaker	POINT	273.800	G:/Individual recognition vids/Blind videos/DY26.MP4	6845	NA	
DY26	2024-01-21 20:23:12	Probably garbage, I believe it was redone, keep until sure. Sound not scored	638.840	Media file(s)	player #1:G:/Individual recognition vids/Blind videos/DY26.MP4	655.200	25.000	Lukka	FRP		2022-09-11T10:00:00	Centre	Overcast	KLF	Departure	 5 m		Htlt	Reaction		POINT	274.600	G:/Individual recognition vids/Blind videos/DY26.MP4	6865	NA	
DY26	2024-01-21 20:23:12	Probably garbage, I believe it was redone, keep until sure. Sound not scored	638.840	Media file(s)	player #1:G:/Individual recognition vids/Blind videos/DY26.MP4	655.200	25.000	Lukka	FRP		2022-09-11T10:00:00	Centre	Overcast	KLF	Departure	 5 m		Look	Reaction	Away from speaker	POINT	276.080	G:/Individual recognition vids/Blind videos/DY26.MP4	6902	NA	
DY26	2024-01-21 20:23:12	Probably garbage, I believe it was redone, keep until sure. Sound not scored	638.840	Media file(s)	player #1:G:/Individual recognition vids/Blind videos/DY26.MP4	655.200	25.000	Lukka	FRP		2022-09-11T10:00:00	Centre	Overcast	KLF	Departure	 5 m		Look	Reaction	Away from speaker	POINT	278.840	G:/Individual recognition vids/Blind videos/DY26.MP4	6971	NA	
DY26	2024-01-21 20:23:12	Probably garbage, I believe it was redone, keep until sure. Sound not scored	638.840	Media file(s)	player #1:G:/Individual recognition vids/Blind videos/DY26.MP4	655.200	25.000	Lukka	FRP		2022-09-11T10:00:00	Centre	Overcast	KLF	Departure	 5 m		Look	Reaction	At speaker	POINT	286.520	G:/Individual recognition vids/Blind videos/DY26.MP4	7163	NA	
DY26	2024-01-21 20:23:12	Probably garbage, I believe it was redone, keep until sure. Sound not scored	638.840	Media file(s)	player #1:G:/Individual recognition vids/Blind videos/DY26.MP4	655.200	25.000	Lukka	FRP		2022-09-11T10:00:00	Centre	Overcast	KLF	Departure	 5 m		HSH	Reaction		POINT	292.240	G:/Individual recognition vids/Blind videos/DY26.MP4	7306	NA	
DY26	2024-01-21 20:23:12	Probably garbage, I believe it was redone, keep until sure. Sound not scored	638.840	Media file(s)	player #1:G:/Individual recognition vids/Blind videos/DY26.MP4	655.200	25.000	Lukka	FRP		2022-09-11T10:00:00	Centre	Overcast	KLF	Departure	 5 m		Look	Reaction	At speaker	POINT	293.000	G:/Individual recognition vids/Blind videos/DY26.MP4	7325	NA	
DY26	2024-01-21 20:23:12	Probably garbage, I believe it was redone, keep until sure. Sound not scored	638.840	Media file(s)	player #1:G:/Individual recognition vids/Blind videos/DY26.MP4	655.200	25.000	Lukka	FRP		2022-09-11T10:00:00	Centre	Overcast	KLF	Departure	 5 m		Look	Reaction	At speaker	POINT	298.720	G:/Individual recognition vids/Blind videos/DY26.MP4	7468	NA	
DY26	2024-01-21 20:23:12	Probably garbage, I believe it was redone, keep until sure. Sound not scored	638.840	Media file(s)	player #1:G:/Individual recognition vids/Blind videos/DY26.MP4	655.200	25.000	Lukka	FRP		2022-09-11T10:00:00	Centre	Overcast	KLF	Departure	 5 m		Look	Reaction	Away from speaker	POINT	301.520	G:/Individual recognition vids/Blind videos/DY26.MP4	7538	NA	
DY26	2024-01-21 20:23:12	Probably garbage, I believe it was redone, keep until sure. Sound not scored	638.840	Media file(s)	player #1:G:/Individual recognition vids/Blind videos/DY26.MP4	655.200	25.000	Lukka	FRP		2022-09-11T10:00:00	Centre	Overcast	KLF	Departure	 5 m		Look	Reaction	Away from speaker	POINT	305.080	G:/Individual recognition vids/Blind videos/DY26.MP4	7628	NA	
DY26	2024-01-21 20:23:12	Probably garbage, I believe it was redone, keep until sure. Sound not scored	638.840	Media file(s)	player #1:G:/Individual recognition vids/Blind videos/DY26.MP4	655.200	25.000	Lukka	FRP		2022-09-11T10:00:00	Centre	Overcast	KLF	Departure	 5 m		Mov	Locomotion	Away from speaker	START	307.000	G:/Individual recognition vids/Blind videos/DY26.MP4	7675	NA	
DY26	2024-01-21 20:23:12	Probably garbage, I believe it was redone, keep until sure. Sound not scored	638.840	Media file(s)	player #1:G:/Individual recognition vids/Blind videos/DY26.MP4	655.200	25.000	Lukka	FRP		2022-09-11T10:00:00	Centre	Overcast	KLF	Departure	 5 m		Mov	Locomotion	Away from speaker	STOP	311.240	G:/Individual recognition vids/Blind videos/DY26.MP4	7781	NA	
DY26	2024-01-21 20:23:12	Probably garbage, I believe it was redone, keep until sure. Sound not scored	638.840	Media file(s)	player #1:G:/Individual recognition vids/Blind videos/DY26.MP4	655.200	25.000	Lukka	FRP		2022-09-11T10:00:00	Centre	Overcast	KLF	Departure	 5 m		Look	Reaction	Away from speaker	POINT	312.560	G:/Individual recognition vids/Blind videos/DY26.MP4	7814	NA	
DY26	2024-01-21 20:23:12	Probably garbage, I believe it was redone, keep until sure. Sound not scored	638.840	Media file(s)	player #1:G:/Individual recognition vids/Blind videos/DY26.MP4	655.200	25.000	Lukka	FRP		2022-09-11T10:00:00	Centre	Overcast	KLF	Departure	 5 m		Look	Reaction	Away from speaker	POINT	314.440	G:/Individual recognition vids/Blind videos/DY26.MP4	7861	NA	
DY26	2024-01-21 20:23:12	Probably garbage, I believe it was redone, keep until sure. Sound not scored	638.840	Media file(s)	player #1:G:/Individual recognition vids/Blind videos/DY26.MP4	655.200	25.000	Lukka	FRP		2022-09-11T10:00:00	Centre	Overcast	KLF	Departure	 5 m		Look	Reaction	At speaker	POINT	315.400	G:/Individual recognition vids/Blind videos/DY26.MP4	7885	NA	
DY26	2024-01-21 20:23:12	Probably garbage, I believe it was redone, keep until sure. Sound not scored	638.840	Media file(s)	player #1:G:/Individual recognition vids/Blind videos/DY26.MP4	655.200	25.000	Lukka	FRP		2022-09-11T10:00:00	Centre	Overcast	KLF	Departure	 5 m		Look	Reaction	At speaker	POINT	317.160	G:/Individual recognition vids/Blind videos/DY26.MP4	7929	NA	
DY26	2024-01-21 20:23:12	Probably garbage, I believe it was redone, keep until sure. Sound not scored	638.840	Media file(s)	player #1:G:/Individual recognition vids/Blind videos/DY26.MP4	655.200	25.000	Lukka	FRP		2022-09-11T10:00:00	Centre	Overcast	KLF	Departure	 5 m		Look	Reaction	At speaker	POINT	318.640	G:/Individual recognition vids/Blind videos/DY26.MP4	7966	NA	
DY26	2024-01-21 20:23:12	Probably garbage, I believe it was redone, keep until sure. Sound not scored	638.840	Media file(s)	player #1:G:/Individual recognition vids/Blind videos/DY26.MP4	655.200	25.000	Lukka	FRP		2022-09-11T10:00:00	Centre	Overcast	KLF	Departure	 5 m		Vig	Time budget	Short Neck	STOP	322.279	G:/Individual recognition vids/Blind videos/DY26.MP4	NA	NA	
DY26	2024-01-21 20:23:12	Probably garbage, I believe it was redone, keep until sure. Sound not scored	638.840	Media file(s)	player #1:G:/Individual recognition vids/Blind videos/DY26.MP4	655.200	25.000	Lukka	FRP		2022-09-11T10:00:00	Centre	Overcast	KLF	Departure	 5 m		Rst	Time budget	With kin	START	322.280	G:/Individual recognition vids/Blind videos/DY26.MP4	8057	NA	
DY26	2024-01-21 20:23:12	Probably garbage, I believe it was redone, keep until sure. Sound not scored	638.840	Media file(s)	player #1:G:/Individual recognition vids/Blind videos/DY26.MP4	655.200	25.000	Lukka	FRP		2022-09-11T10:00:00	Centre	Overcast	KLF	Departure	 5 m		Look	Reaction	At speaker	POINT	330.320	G:/Individual recognition vids/Blind videos/DY26.MP4	8258	NA	
DY26	2024-01-21 20:23:12	Probably garbage, I believe it was redone, keep until sure. Sound not scored	638.840	Media file(s)	player #1:G:/Individual recognition vids/Blind videos/DY26.MP4	655.200	25.000	Lukka	FRP		2022-09-11T10:00:00	Centre	Overcast	KLF	Departure	 5 m		Rst	Time budget	With kin	STOP	331.679	G:/Individual recognition vids/Blind videos/DY26.MP4	NA	NA	
DY26	2024-01-21 20:23:12	Probably garbage, I believe it was redone, keep until sure. Sound not scored	638.840	Media file(s)	player #1:G:/Individual recognition vids/Blind videos/DY26.MP4	655.200	25.000	Lukka	FRP		2022-09-11T10:00:00	Centre	Overcast	KLF	Departure	 5 m		Vig	Time budget	Short Neck	START	331.680	G:/Individual recognition vids/Blind videos/DY26.MP4	8292	NA	
DY26	2024-01-21 20:23:12	Probably garbage, I believe it was redone, keep until sure. Sound not scored	638.840	Media file(s)	player #1:G:/Individual recognition vids/Blind videos/DY26.MP4	655.200	25.000	Lukka	FRP		2022-09-11T10:00:00	Centre	Overcast	KLF	Departure	 5 m		Vig	Time budget	Short Neck	STOP	335.559	G:/Individual recognition vids/Blind videos/DY26.MP4	NA	NA	
DY26	2024-01-21 20:23:12	Probably garbage, I believe it was redone, keep until sure. Sound not scored	638.840	Media file(s)	player #1:G:/Individual recognition vids/Blind videos/DY26.MP4	655.200	25.000	Lukka	FRP		2022-09-11T10:00:00	Centre	Overcast	KLF	Departure	 5 m		Rst	Time budget	With kin	START	335.560	G:/Individual recognition vids/Blind videos/DY26.MP4	8389	NA	
DY26	2024-01-21 20:23:12	Probably garbage, I believe it was redone, keep until sure. Sound not scored	638.840	Media file(s)	player #1:G:/Individual recognition vids/Blind videos/DY26.MP4	655.200	25.000	Lukka	FRP		2022-09-11T10:00:00	Centre	Overcast	KLF	Departure	 5 m		Look	Reaction	At speaker	POINT	338.160	G:/Individual recognition vids/Blind videos/DY26.MP4	8454	NA	
DY26	2024-01-21 20:23:12	Probably garbage, I believe it was redone, keep until sure. Sound not scored	638.840	Media file(s)	player #1:G:/Individual recognition vids/Blind videos/DY26.MP4	655.200	25.000	Lukka	FRP		2022-09-11T10:00:00	Centre	Overcast	KLF	Departure	 5 m		Look	Reaction	At speaker	POINT	340.320	G:/Individual recognition vids/Blind videos/DY26.MP4	8508	NA	
DY26	2024-01-21 20:23:12	Probably garbage, I believe it was redone, keep until sure. Sound not scored	638.840	Media file(s)	player #1:G:/Individual recognition vids/Blind videos/DY26.MP4	655.200	25.000	Lukka	FRP		2022-09-11T10:00:00	Centre	Overcast	KLF	Departure	 5 m		Look	Reaction	At speaker	POINT	341.400	G:/Individual recognition vids/Blind videos/DY26.MP4	8535	NA	
DY26	2024-01-21 20:23:12	Probably garbage, I believe it was redone, keep until sure. Sound not scored	638.840	Media file(s)	player #1:G:/Individual recognition vids/Blind videos/DY26.MP4	655.200	25.000	Lukka	FRP		2022-09-11T10:00:00	Centre	Overcast	KLF	Departure	 5 m		Htlt	Reaction		POINT	343.600	G:/Individual recognition vids/Blind videos/DY26.MP4	8590	NA	
DY26	2024-01-21 20:23:12	Probably garbage, I believe it was redone, keep until sure. Sound not scored	638.840	Media file(s)	player #1:G:/Individual recognition vids/Blind videos/DY26.MP4	655.200	25.000	Lukka	FRP		2022-09-11T10:00:00	Centre	Overcast	KLF	Departure	 5 m		Look	Reaction	At speaker	POINT	344.000	G:/Individual recognition vids/Blind videos/DY26.MP4	8600	NA	
DY26	2024-01-21 20:23:12	Probably garbage, I believe it was redone, keep until sure. Sound not scored	638.840	Media file(s)	player #1:G:/Individual recognition vids/Blind videos/DY26.MP4	655.200	25.000	Lukka	FRP		2022-09-11T10:00:00	Centre	Overcast	KLF	Departure	 5 m		Look	Reaction	At speaker	POINT	348.520	G:/Individual recognition vids/Blind videos/DY26.MP4	8713	NA	
DY26	2024-01-21 20:23:12	Probably garbage, I believe it was redone, keep until sure. Sound not scored	638.840	Media file(s)	player #1:G:/Individual recognition vids/Blind videos/DY26.MP4	655.200	25.000	Lukka	FRP		2022-09-11T10:00:00	Centre	Overcast	KLF	Departure	 5 m		Look	Reaction	Away from speaker	POINT	350.080	G:/Individual recognition vids/Blind videos/DY26.MP4	8752	NA	
DY26	2024-01-21 20:23:12	Probably garbage, I believe it was redone, keep until sure. Sound not scored	638.840	Media file(s)	player #1:G:/Individual recognition vids/Blind videos/DY26.MP4	655.200	25.000	Lukka	FRP		2022-09-11T10:00:00	Centre	Overcast	KLF	Departure	 5 m		HSH	Reaction		POINT	360.440	G:/Individual recognition vids/Blind videos/DY26.MP4	9011	NA	
DY26	2024-01-21 20:23:12	Probably garbage, I believe it was redone, keep until sure. Sound not scored	638.840	Media file(s)	player #1:G:/Individual recognition vids/Blind videos/DY26.MP4	655.200	25.000	Lukka	FRP		2022-09-11T10:00:00	Centre	Overcast	KLF	Departure	 5 m		Look	Reaction	Away from speaker	POINT	361.440	G:/Individual recognition vids/Blind videos/DY26.MP4	9036	NA	
DY26	2024-01-21 20:23:12	Probably garbage, I believe it was redone, keep until sure. Sound not scored	638.840	Media file(s)	player #1:G:/Individual recognition vids/Blind videos/DY26.MP4	655.200	25.000	Lukka	FRP		2022-09-11T10:00:00	Centre	Overcast	KLF	Departure	 5 m		Look	Reaction	At speaker	POINT	363.280	G:/Individual recognition vids/Blind videos/DY26.MP4	9082	NA	
DY26	2024-01-21 20:23:12	Probably garbage, I believe it was redone, keep until sure. Sound not scored	638.840	Media file(s)	player #1:G:/Individual recognition vids/Blind videos/DY26.MP4	655.200	25.000	Lukka	FRP		2022-09-11T10:00:00	Centre	Overcast	KLF	Departure	 5 m		Rst	Time budget	With kin	STOP	375.160	G:/Individual recognition vids/Blind videos/DY26.MP4	9379	NA	
DY26	2024-01-21 20:23:12	Probably garbage, I believe it was redone, keep until sure. Sound not scored	638.840	Media file(s)	player #1:G:/Individual recognition vids/Blind videos/DY26.MP4	655.200	25.000	Lukka	FRP		2022-09-11T10:00:00	Centre	Overcast	KLF	Departure	 5 m		Htlt	Reaction		POINT	377.880	G:/Individual recognition vids/Blind videos/DY26.MP4	9447	NA	
DY26	2024-01-21 20:23:12	Probably garbage, I believe it was redone, keep until sure. Sound not scored	638.840	Media file(s)	player #1:G:/Individual recognition vids/Blind videos/DY26.MP4	655.200	25.000	Lukka	FRP		2022-09-11T10:00:00	Centre	Overcast	KLF	Departure	 5 m		Look	Reaction	Away from speaker	POINT	378.600	G:/Individual recognition vids/Blind videos/DY26.MP4	9465	NA	
DY26	2024-01-21 20:23:12	Probably garbage, I believe it was redone, keep until sure. Sound not scored	638.840	Media file(s)	player #1:G:/Individual recognition vids/Blind videos/DY26.MP4	655.200	25.000	Lukka	FRP		2022-09-11T10:00:00	Centre	Overcast	KLF	Departure	 5 m		Look	Reaction	At speaker	POINT	380.760	G:/Individual recognition vids/Blind videos/DY26.MP4	9519	NA	
DY26	2024-01-21 20:23:12	Probably garbage, I believe it was redone, keep until sure. Sound not scored	638.840	Media file(s)	player #1:G:/Individual recognition vids/Blind videos/DY26.MP4	655.200	25.000	Lukka	FRP		2022-09-11T10:00:00	Centre	Overcast	KLF	Departure	 5 m		Look	Reaction	At speaker	POINT	383.400	G:/Individual recognition vids/Blind videos/DY26.MP4	9585	NA	
DY26	2024-01-21 20:23:12	Probably garbage, I believe it was redone, keep until sure. Sound not scored	638.840	Media file(s)	player #1:G:/Individual recognition vids/Blind videos/DY26.MP4	655.200	25.000	Lukka	FRP		2022-09-11T10:00:00	Centre	Overcast	KLF	Departure	 5 m		Rst	Time budget	With kin	START	384.200	G:/Individual recognition vids/Blind videos/DY26.MP4	9605	NA	
DY26	2024-01-21 20:23:12	Probably garbage, I believe it was redone, keep until sure. Sound not scored	638.840	Media file(s)	player #1:G:/Individual recognition vids/Blind videos/DY26.MP4	655.200	25.000	Lukka	FRP		2022-09-11T10:00:00	Centre	Overcast	KLF	Departure	 5 m		Look	Reaction	Away from speaker	POINT	385.600	G:/Individual recognition vids/Blind videos/DY26.MP4	9640	NA	
DY26	2024-01-21 20:23:12	Probably garbage, I believe it was redone, keep until sure. Sound not scored	638.840	Media file(s)	player #1:G:/Individual recognition vids/Blind videos/DY26.MP4	655.200	25.000	Lukka	FRP		2022-09-11T10:00:00	Centre	Overcast	KLF	Departure	 5 m		Rst	Time budget	With kin	STOP	386.439	G:/Individual recognition vids/Blind videos/DY26.MP4	NA	NA	
DY26	2024-01-21 20:23:12	Probably garbage, I believe it was redone, keep until sure. Sound not scored	638.840	Media file(s)	player #1:G:/Individual recognition vids/Blind videos/DY26.MP4	655.200	25.000	Lukka	FRP		2022-09-11T10:00:00	Centre	Overcast	KLF	Departure	 5 m		Mov	Locomotion	Towards speaker	START	386.440	G:/Individual recognition vids/Blind videos/DY26.MP4	9661	NA	
DY26	2024-01-21 20:23:12	Probably garbage, I believe it was redone, keep until sure. Sound not scored	638.840	Media file(s)	player #1:G:/Individual recognition vids/Blind videos/DY26.MP4	655.200	25.000	Lukka	FRP		2022-09-11T10:00:00	Centre	Overcast	KLF	Departure	 5 m		Look	Reaction	Away from speaker	POINT	387.480	G:/Individual recognition vids/Blind videos/DY26.MP4	9687	NA	
DY26	2024-01-21 20:23:12	Probably garbage, I believe it was redone, keep until sure. Sound not scored	638.840	Media file(s)	player #1:G:/Individual recognition vids/Blind videos/DY26.MP4	655.200	25.000	Lukka	FRP		2022-09-11T10:00:00	Centre	Overcast	KLF	Departure	 5 m		Fllw	Interaction	Kin	POINT	388.480	G:/Individual recognition vids/Blind videos/DY26.MP4	9712	NA	
DY26	2024-01-21 20:23:12	Probably garbage, I believe it was redone, keep until sure. Sound not scored	638.840	Media file(s)	player #1:G:/Individual recognition vids/Blind videos/DY26.MP4	655.200	25.000	Lukka	FRP		2022-09-11T10:00:00	Centre	Overcast	KLF	Departure	 5 m		Look	Reaction	At speaker	POINT	390.400	G:/Individual recognition vids/Blind videos/DY26.MP4	9760	NA	
DY26	2024-01-21 20:23:12	Probably garbage, I believe it was redone, keep until sure. Sound not scored	638.840	Media file(s)	player #1:G:/Individual recognition vids/Blind videos/DY26.MP4	655.200	25.000	Lukka	FRP		2022-09-11T10:00:00	Centre	Overcast	KLF	Departure	 5 m		Look	Reaction	Away from speaker	POINT	395.360	G:/Individual recognition vids/Blind videos/DY26.MP4	9884	NA	
DY26	2024-01-21 20:23:12	Probably garbage, I believe it was redone, keep until sure. Sound not scored	638.840	Media file(s)	player #1:G:/Individual recognition vids/Blind videos/DY26.MP4	655.200	25.000	Lukka	FRP		2022-09-11T10:00:00	Centre	Overcast	KLF	Departure	 5 m		Look	Reaction	Away from speaker	POINT	397.880	G:/Individual recognition vids/Blind videos/DY26.MP4	9947	NA	
DY26	2024-01-21 20:23:12	Probably garbage, I believe it was redone, keep until sure. Sound not scored	638.840	Media file(s)	player #1:G:/Individual recognition vids/Blind videos/DY26.MP4	655.200	25.000	Lukka	FRP		2022-09-11T10:00:00	Centre	Overcast	KLF	Departure	 5 m		Look	Reaction	Away from speaker	POINT	399.680	G:/Individual recognition vids/Blind videos/DY26.MP4	9992	NA	
DY26	2024-01-21 20:23:12	Probably garbage, I believe it was redone, keep until sure. Sound not scored	638.840	Media file(s)	player #1:G:/Individual recognition vids/Blind videos/DY26.MP4	655.200	25.000	Lukka	FRP		2022-09-11T10:00:00	Centre	Overcast	KLF	Departure	 5 m		Look	Reaction	At speaker	POINT	403.520	G:/Individual recognition vids/Blind videos/DY26.MP4	10088	NA	
DY26	2024-01-21 20:23:12	Probably garbage, I believe it was redone, keep until sure. Sound not scored	638.840	Media file(s)	player #1:G:/Individual recognition vids/Blind videos/DY26.MP4	655.200	25.000	Lukka	FRP		2022-09-11T10:00:00	Centre	Overcast	KLF	Departure	 5 m		Look	Reaction	At speaker	POINT	405.120	G:/Individual recognition vids/Blind videos/DY26.MP4	10128	NA	
DY26	2024-01-21 20:23:12	Probably garbage, I believe it was redone, keep until sure. Sound not scored	638.840	Media file(s)	player #1:G:/Individual recognition vids/Blind videos/DY26.MP4	655.200	25.000	Lukka	FRP		2022-09-11T10:00:00	Centre	Overcast	KLF	Departure	 5 m		Look	Reaction	Away from speaker	POINT	406.280	G:/Individual recognition vids/Blind videos/DY26.MP4	10157	NA	
DY26	2024-01-21 20:23:12	Probably garbage, I believe it was redone, keep until sure. Sound not scored	638.840	Media file(s)	player #1:G:/Individual recognition vids/Blind videos/DY26.MP4	655.200	25.000	Lukka	FRP		2022-09-11T10:00:00	Centre	Overcast	KLF	Departure	 5 m		Look	Reaction	Away from speaker	POINT	411.840	G:/Individual recognition vids/Blind videos/DY26.MP4	10296	NA	
DY26	2024-01-21 20:23:12	Probably garbage, I believe it was redone, keep until sure. Sound not scored	638.840	Media file(s)	player #1:G:/Individual recognition vids/Blind videos/DY26.MP4	655.200	25.000	Lukka	FRP		2022-09-11T10:00:00	Centre	Overcast	KLF	Departure	 5 m		Look	Reaction	Away from speaker	POINT	414.680	G:/Individual recognition vids/Blind videos/DY26.MP4	10367	NA	
DY26	2024-01-21 20:23:12	Probably garbage, I believe it was redone, keep until sure. Sound not scored	638.840	Media file(s)	player #1:G:/Individual recognition vids/Blind videos/DY26.MP4	655.200	25.000	Lukka	FRP		2022-09-11T10:00:00	Centre	Overcast	KLF	Departure	 5 m		Look	Reaction	At speaker	POINT	416.280	G:/Individual recognition vids/Blind videos/DY26.MP4	10407	NA	
DY26	2024-01-21 20:23:12	Probably garbage, I believe it was redone, keep until sure. Sound not scored	638.840	Media file(s)	player #1:G:/Individual recognition vids/Blind videos/DY26.MP4	655.200	25.000	Lukka	FRP		2022-09-11T10:00:00	Centre	Overcast	KLF	Departure	 5 m		Look	Reaction	Away from speaker	POINT	417.600	G:/Individual recognition vids/Blind videos/DY26.MP4	10440	NA	
DY26	2024-01-21 20:23:12	Probably garbage, I believe it was redone, keep until sure. Sound not scored	638.840	Media file(s)	player #1:G:/Individual recognition vids/Blind videos/DY26.MP4	655.200	25.000	Lukka	FRP		2022-09-11T10:00:00	Centre	Overcast	KLF	Departure	 5 m		Look	Reaction	At speaker	POINT	439.760	G:/Individual recognition vids/Blind videos/DY26.MP4	10994	NA	
DY26	2024-01-21 20:23:12	Probably garbage, I believe it was redone, keep until sure. Sound not scored	638.840	Media file(s)	player #1:G:/Individual recognition vids/Blind videos/DY26.MP4	655.200	25.000	Lukka	FRP		2022-09-11T10:00:00	Centre	Overcast	KLF	Departure	 5 m		Mov	Locomotion	Towards speaker	STOP	440.360	G:/Individual recognition vids/Blind videos/DY26.MP4	11009	NA	
DY26	2024-01-21 20:23:12	Probably garbage, I believe it was redone, keep until sure. Sound not scored	638.840	Media file(s)	player #1:G:/Individual recognition vids/Blind videos/DY26.MP4	655.200	25.000	Lukka	FRP		2022-09-11T10:00:00	Centre	Overcast	KLF	Departure	 5 m		Eat	Time budget	With kin	START	441.600	G:/Individual recognition vids/Blind videos/DY26.MP4	11040	NA	
DY26	2024-01-21 20:23:12	Probably garbage, I believe it was redone, keep until sure. Sound not scored	638.840	Media file(s)	player #1:G:/Individual recognition vids/Blind videos/DY26.MP4	655.200	25.000	Lukka	FRP		2022-09-11T10:00:00	Centre	Overcast	KLF	Departure	 5 m		Look	Reaction	Away from speaker	POINT	443.280	G:/Individual recognition vids/Blind videos/DY26.MP4	11082	NA	
DY26	2024-01-21 20:23:12	Probably garbage, I believe it was redone, keep until sure. Sound not scored	638.840	Media file(s)	player #1:G:/Individual recognition vids/Blind videos/DY26.MP4	655.200	25.000	Lukka	FRP		2022-09-11T10:00:00	Centre	Overcast	KLF	Departure	 5 m		Look	Reaction	Away from speaker	POINT	445.960	G:/Individual recognition vids/Blind videos/DY26.MP4	11150	NA	
DY26	2024-01-21 20:23:12	Probably garbage, I believe it was redone, keep until sure. Sound not scored	638.840	Media file(s)	player #1:G:/Individual recognition vids/Blind videos/DY26.MP4	655.200	25.000	Lukka	FRP		2022-09-11T10:00:00	Centre	Overcast	KLF	Departure	 5 m		Look	Reaction	Away from speaker	POINT	447.320	G:/Individual recognition vids/Blind videos/DY26.MP4	11183	NA	
DY26	2024-01-21 20:23:12	Probably garbage, I believe it was redone, keep until sure. Sound not scored	638.840	Media file(s)	player #1:G:/Individual recognition vids/Blind videos/DY26.MP4	655.200	25.000	Lukka	FRP		2022-09-11T10:00:00	Centre	Overcast	KLF	Departure	 5 m		Look	Reaction	Away from speaker	POINT	450.400	G:/Individual recognition vids/Blind videos/DY26.MP4	11260	NA	
DY26	2024-01-21 20:23:12	Probably garbage, I believe it was redone, keep until sure. Sound not scored	638.840	Media file(s)	player #1:G:/Individual recognition vids/Blind videos/DY26.MP4	655.200	25.000	Lukka	FRP		2022-09-11T10:00:00	Centre	Overcast	KLF	Departure	 5 m		Look	Reaction	Away from speaker	POINT	451.600	G:/Individual recognition vids/Blind videos/DY26.MP4	11290	NA	
DY26	2024-01-21 20:23:12	Probably garbage, I believe it was redone, keep until sure. Sound not scored	638.840	Media file(s)	player #1:G:/Individual recognition vids/Blind videos/DY26.MP4	655.200	25.000	Lukka	FRP		2022-09-11T10:00:00	Centre	Overcast	KLF	Departure	 5 m		Look	Reaction	Away from speaker	POINT	454.800	G:/Individual recognition vids/Blind videos/DY26.MP4	11370	NA	
DY26	2024-01-21 20:23:12	Probably garbage, I believe it was redone, keep until sure. Sound not scored	638.840	Media file(s)	player #1:G:/Individual recognition vids/Blind videos/DY26.MP4	655.200	25.000	Lukka	FRP		2022-09-11T10:00:00	Centre	Overcast	KLF	Departure	 5 m		Look	Reaction	At speaker	POINT	455.600	G:/Individual recognition vids/Blind videos/DY26.MP4	11390	NA	
DY26	2024-01-21 20:23:12	Probably garbage, I believe it was redone, keep until sure. Sound not scored	638.840	Media file(s)	player #1:G:/Individual recognition vids/Blind videos/DY26.MP4	655.200	25.000	Lukka	FRP		2022-09-11T10:00:00	Centre	Overcast	KLF	Departure	 5 m		Eat	Time budget	With kin	STOP	455.919	G:/Individual recognition vids/Blind videos/DY26.MP4	NA	NA	
DY26	2024-01-21 20:23:12	Probably garbage, I believe it was redone, keep until sure. Sound not scored	638.840	Media file(s)	player #1:G:/Individual recognition vids/Blind videos/DY26.MP4	655.200	25.000	Lukka	FRP		2022-09-11T10:00:00	Centre	Overcast	KLF	Departure	 5 m		Vig	Time budget	Long neck	START	455.920	G:/Individual recognition vids/Blind videos/DY26.MP4	11398	NA	
DY26	2024-01-21 20:23:12	Probably garbage, I believe it was redone, keep until sure. Sound not scored	638.840	Media file(s)	player #1:G:/Individual recognition vids/Blind videos/DY26.MP4	655.200	25.000	Lukka	FRP		2022-09-11T10:00:00	Centre	Overcast	KLF	Departure	 5 m		Look	Reaction	Away from speaker	POINT	457.880	G:/Individual recognition vids/Blind videos/DY26.MP4	11447	NA	
DY26	2024-01-21 20:23:12	Probably garbage, I believe it was redone, keep until sure. Sound not scored	638.840	Media file(s)	player #1:G:/Individual recognition vids/Blind videos/DY26.MP4	655.200	25.000	Lukka	FRP		2022-09-11T10:00:00	Centre	Overcast	KLF	Departure	 5 m		Mov	Locomotion	Away from speaker	START	459.440	G:/Individual recognition vids/Blind videos/DY26.MP4	11486	NA	
DY26	2024-01-21 20:23:12	Probably garbage, I believe it was redone, keep until sure. Sound not scored	638.840	Media file(s)	player #1:G:/Individual recognition vids/Blind videos/DY26.MP4	655.200	25.000	Lukka	FRP		2022-09-11T10:00:00	Centre	Overcast	KLF	Departure	 5 m		Vig	Time budget	Long neck	STOP	460.799	G:/Individual recognition vids/Blind videos/DY26.MP4	NA	NA	
DY26	2024-01-21 20:23:12	Probably garbage, I believe it was redone, keep until sure. Sound not scored	638.840	Media file(s)	player #1:G:/Individual recognition vids/Blind videos/DY26.MP4	655.200	25.000	Lukka	FRP		2022-09-11T10:00:00	Centre	Overcast	KLF	Departure	 5 m		Vig	Time budget	Mid neck	START	460.800	G:/Individual recognition vids/Blind videos/DY26.MP4	11520	NA	
DY26	2024-01-21 20:23:12	Probably garbage, I believe it was redone, keep until sure. Sound not scored	638.840	Media file(s)	player #1:G:/Individual recognition vids/Blind videos/DY26.MP4	655.200	25.000	Lukka	FRP		2022-09-11T10:00:00	Centre	Overcast	KLF	Departure	 5 m		Look	Reaction	Away from speaker	POINT	462.600	G:/Individual recognition vids/Blind videos/DY26.MP4	11565	NA	
DY26	2024-01-21 20:23:12	Probably garbage, I believe it was redone, keep until sure. Sound not scored	638.840	Media file(s)	player #1:G:/Individual recognition vids/Blind videos/DY26.MP4	655.200	25.000	Lukka	FRP		2022-09-11T10:00:00	Centre	Overcast	KLF	Departure	 5 m		Look	Reaction	Away from speaker	POINT	464.280	G:/Individual recognition vids/Blind videos/DY26.MP4	11607	NA	
DY26	2024-01-21 20:23:12	Probably garbage, I believe it was redone, keep until sure. Sound not scored	638.840	Media file(s)	player #1:G:/Individual recognition vids/Blind videos/DY26.MP4	655.200	25.000	Lukka	FRP		2022-09-11T10:00:00	Centre	Overcast	KLF	Departure	 5 m		Ass	Interaction	Kin	STOP	465.040	G:/Individual recognition vids/Blind videos/DY26.MP4	11626	NA	
DY26	2024-01-21 20:23:12	Probably garbage, I believe it was redone, keep until sure. Sound not scored	638.840	Media file(s)	player #1:G:/Individual recognition vids/Blind videos/DY26.MP4	655.200	25.000	Lukka	FRP		2022-09-11T10:00:00	Centre	Overcast	KLF	Departure	 5 m		Look	Reaction	Away from speaker	POINT	469.040	G:/Individual recognition vids/Blind videos/DY26.MP4	11726	NA	
DY26	2024-01-21 20:23:12	Probably garbage, I believe it was redone, keep until sure. Sound not scored	638.840	Media file(s)	player #1:G:/Individual recognition vids/Blind videos/DY26.MP4	655.200	25.000	Lukka	FRP		2022-09-11T10:00:00	Centre	Overcast	KLF	Departure	 5 m		Look	Reaction	Away from speaker	POINT	470.800	G:/Individual recognition vids/Blind videos/DY26.MP4	11770	NA	
DY26	2024-01-21 20:23:12	Probably garbage, I believe it was redone, keep until sure. Sound not scored	638.840	Media file(s)	player #1:G:/Individual recognition vids/Blind videos/DY26.MP4	655.200	25.000	Lukka	FRP		2022-09-11T10:00:00	Centre	Overcast	KLF	Departure	 5 m		Look	Reaction	Away from speaker	POINT	472.520	G:/Individual recognition vids/Blind videos/DY26.MP4	11813	NA	
DY26	2024-01-21 20:23:12	Probably garbage, I believe it was redone, keep until sure. Sound not scored	638.840	Media file(s)	player #1:G:/Individual recognition vids/Blind videos/DY26.MP4	655.200	25.000	Lukka	FRP		2022-09-11T10:00:00	Centre	Overcast	KLF	Departure	 5 m		HSH	Reaction		POINT	476.280	G:/Individual recognition vids/Blind videos/DY26.MP4	11907	NA	
DY26	2024-01-21 20:23:12	Probably garbage, I believe it was redone, keep until sure. Sound not scored	638.840	Media file(s)	player #1:G:/Individual recognition vids/Blind videos/DY26.MP4	655.200	25.000	Lukka	FRP		2022-09-11T10:00:00	Centre	Overcast	KLF	Departure	 5 m		Look	Reaction	Away from speaker	POINT	477.120	G:/Individual recognition vids/Blind videos/DY26.MP4	11928	NA	
DY26	2024-01-21 20:23:12	Probably garbage, I believe it was redone, keep until sure. Sound not scored	638.840	Media file(s)	player #1:G:/Individual recognition vids/Blind videos/DY26.MP4	655.200	25.000	Lukka	FRP		2022-09-11T10:00:00	Centre	Overcast	KLF	Departure	 5 m		Look	Reaction	Away from speaker	POINT	481.680	G:/Individual recognition vids/Blind videos/DY26.MP4	12042	NA	
DY26	2024-01-21 20:23:12	Probably garbage, I believe it was redone, keep until sure. Sound not scored	638.840	Media file(s)	player #1:G:/Individual recognition vids/Blind videos/DY26.MP4	655.200	25.000	Lukka	FRP		2022-09-11T10:00:00	Centre	Overcast	KLF	Departure	 5 m		Look	Reaction	At speaker	POINT	488.600	G:/Individual recognition vids/Blind videos/DY26.MP4	12216	NA	
DY26	2024-01-21 20:23:12	Probably garbage, I believe it was redone, keep until sure. Sound not scored	638.840	Media file(s)	player #1:G:/Individual recognition vids/Blind videos/DY26.MP4	655.200	25.000	Lukka	FRP		2022-09-11T10:00:00	Centre	Overcast	KLF	Departure	 5 m		Look	Reaction	At speaker	POINT	489.440	G:/Individual recognition vids/Blind videos/DY26.MP4	12236	NA	
DY26	2024-01-21 20:23:12	Probably garbage, I believe it was redone, keep until sure. Sound not scored	638.840	Media file(s)	player #1:G:/Individual recognition vids/Blind videos/DY26.MP4	655.200	25.000	Lukka	FRP		2022-09-11T10:00:00	Centre	Overcast	KLF	Departure	 5 m		Look	Reaction	At speaker	POINT	491.320	G:/Individual recognition vids/Blind videos/DY26.MP4	12283	NA	
DY26	2024-01-21 20:23:12	Probably garbage, I believe it was redone, keep until sure. Sound not scored	638.840	Media file(s)	player #1:G:/Individual recognition vids/Blind videos/DY26.MP4	655.200	25.000	Lukka	FRP		2022-09-11T10:00:00	Centre	Overcast	KLF	Departure	 5 m		Mov	Locomotion	Away from speaker	STOP	494.759	G:/Individual recognition vids/Blind videos/DY26.MP4	NA	NA	
DY26	2024-01-21 20:23:12	Probably garbage, I believe it was redone, keep until sure. Sound not scored	638.840	Media file(s)	player #1:G:/Individual recognition vids/Blind videos/DY26.MP4	655.200	25.000	Lukka	FRP		2022-09-11T10:00:00	Centre	Overcast	KLF	Departure	 5 m		Vig	Time budget	Mid neck	STOP	494.759	G:/Individual recognition vids/Blind videos/DY26.MP4	NA	NA	
DY26	2024-01-21 20:23:12	Probably garbage, I believe it was redone, keep until sure. Sound not scored	638.840	Media file(s)	player #1:G:/Individual recognition vids/Blind videos/DY26.MP4	655.200	25.000	Lukka	FRP		2022-09-11T10:00:00	Centre	Overcast	KLF	Departure	 5 m		Eat	Time budget	Alone	START	494.760	G:/Individual recognition vids/Blind videos/DY26.MP4	12369	NA	
DY26	2024-01-21 20:23:12	Probably garbage, I believe it was redone, keep until sure. Sound not scored	638.840	Media file(s)	player #1:G:/Individual recognition vids/Blind videos/DY26.MP4	655.200	25.000	Lukka	FRP		2022-09-11T10:00:00	Centre	Overcast	KLF	Departure	 5 m		Mov	Locomotion	Away from speaker	START	495.199	G:/Individual recognition vids/Blind videos/DY26.MP4	NA	NA	
DY26	2024-01-21 20:23:12	Probably garbage, I believe it was redone, keep until sure. Sound not scored	638.840	Media file(s)	player #1:G:/Individual recognition vids/Blind videos/DY26.MP4	655.200	25.000	Lukka	FRP		2022-09-11T10:00:00	Centre	Overcast	KLF	Departure	 5 m		Vig	Time budget	Mid neck	START	495.199	G:/Individual recognition vids/Blind videos/DY26.MP4	NA	NA	
DY26	2024-01-21 20:23:12	Probably garbage, I believe it was redone, keep until sure. Sound not scored	638.840	Media file(s)	player #1:G:/Individual recognition vids/Blind videos/DY26.MP4	655.200	25.000	Lukka	FRP		2022-09-11T10:00:00	Centre	Overcast	KLF	Departure	 5 m		Look	Reaction	At speaker	POINT	497.680	G:/Individual recognition vids/Blind videos/DY26.MP4	12442	NA	
DY26	2024-01-21 20:23:12	Probably garbage, I believe it was redone, keep until sure. Sound not scored	638.840	Media file(s)	player #1:G:/Individual recognition vids/Blind videos/DY26.MP4	655.200	25.000	Lukka	FRP		2022-09-11T10:00:00	Centre	Overcast	KLF	Departure	 5 m		Mov	Locomotion	Away from speaker	STOP	501.359	G:/Individual recognition vids/Blind videos/DY26.MP4	NA	NA	
DY26	2024-01-21 20:23:12	Probably garbage, I believe it was redone, keep until sure. Sound not scored	638.840	Media file(s)	player #1:G:/Individual recognition vids/Blind videos/DY26.MP4	655.200	25.000	Lukka	FRP		2022-09-11T10:00:00	Centre	Overcast	KLF	Departure	 5 m		Vig	Time budget	Mid neck	STOP	501.359	G:/Individual recognition vids/Blind videos/DY26.MP4	NA	NA	
DY26	2024-01-21 20:23:12	Probably garbage, I believe it was redone, keep until sure. Sound not scored	638.840	Media file(s)	player #1:G:/Individual recognition vids/Blind videos/DY26.MP4	655.200	25.000	Lukka	FRP		2022-09-11T10:00:00	Centre	Overcast	KLF	Departure	 5 m		Eat	Time budget	Alone	STOP	501.360	G:/Individual recognition vids/Blind videos/DY26.MP4	12534	NA	
DY26	2024-01-21 20:23:12	Probably garbage, I believe it was redone, keep until sure. Sound not scored	638.840	Media file(s)	player #1:G:/Individual recognition vids/Blind videos/DY26.MP4	655.200	25.000	Lukka	FRP		2022-09-11T10:00:00	Centre	Overcast	KLF	Departure	 5 m		Look	Reaction	Away from speaker	POINT	503.840	G:/Individual recognition vids/Blind videos/DY26.MP4	12596	NA	
DY26	2024-01-21 20:23:12	Probably garbage, I believe it was redone, keep until sure. Sound not scored	638.840	Media file(s)	player #1:G:/Individual recognition vids/Blind videos/DY26.MP4	655.200	25.000	Lukka	FRP		2022-09-11T10:00:00	Centre	Overcast	KLF	Departure	 5 m		Look	Reaction	At speaker	POINT	506.440	G:/Individual recognition vids/Blind videos/DY26.MP4	12661	NA	
DY26	2024-01-21 20:23:12	Probably garbage, I believe it was redone, keep until sure. Sound not scored	638.840	Media file(s)	player #1:G:/Individual recognition vids/Blind videos/DY26.MP4	655.200	25.000	Lukka	FRP		2022-09-11T10:00:00	Centre	Overcast	KLF	Departure	 5 m		Look	Reaction	At speaker	POINT	507.720	G:/Individual recognition vids/Blind videos/DY26.MP4	12693	NA	
DY26	2024-01-21 20:23:12	Probably garbage, I believe it was redone, keep until sure. Sound not scored	638.840	Media file(s)	player #1:G:/Individual recognition vids/Blind videos/DY26.MP4	655.200	25.000	Lukka	FRP		2022-09-11T10:00:00	Centre	Overcast	KLF	Departure	 5 m		Look	Reaction	At speaker	POINT	508.760	G:/Individual recognition vids/Blind videos/DY26.MP4	12719	NA	
DY26	2024-01-21 20:23:12	Probably garbage, I believe it was redone, keep until sure. Sound not scored	638.840	Media file(s)	player #1:G:/Individual recognition vids/Blind videos/DY26.MP4	655.200	25.000	Lukka	FRP		2022-09-11T10:00:00	Centre	Overcast	KLF	Departure	 5 m		Look	Reaction	At speaker	POINT	510.520	G:/Individual recognition vids/Blind videos/DY26.MP4	12763	NA	
DY26	2024-01-21 20:23:12	Probably garbage, I believe it was redone, keep until sure. Sound not scored	638.840	Media file(s)	player #1:G:/Individual recognition vids/Blind videos/DY26.MP4	655.200	25.000	Lukka	FRP		2022-09-11T10:00:00	Centre	Overcast	KLF	Departure	 5 m		Look	Reaction	At speaker	POINT	516.120	G:/Individual recognition vids/Blind videos/DY26.MP4	12903	NA	
DY26	2024-01-21 20:23:12	Probably garbage, I believe it was redone, keep until sure. Sound not scored	638.840	Media file(s)	player #1:G:/Individual recognition vids/Blind videos/DY26.MP4	655.200	25.000	Lukka	FRP		2022-09-11T10:00:00	Centre	Overcast	KLF	Departure	 5 m		Look	Reaction	At speaker	POINT	518.800	G:/Individual recognition vids/Blind videos/DY26.MP4	12970	NA	
DY26	2024-01-21 20:23:12	Probably garbage, I believe it was redone, keep until sure. Sound not scored	638.840	Media file(s)	player #1:G:/Individual recognition vids/Blind videos/DY26.MP4	655.200	25.000	Lukka	FRP		2022-09-11T10:00:00	Centre	Overcast	KLF	Departure	 5 m		Look	Reaction	At speaker	POINT	520.160	G:/Individual recognition vids/Blind videos/DY26.MP4	13004	NA	
DY26	2024-01-21 20:23:12	Probably garbage, I believe it was redone, keep until sure. Sound not scored	638.840	Media file(s)	player #1:G:/Individual recognition vids/Blind videos/DY26.MP4	655.200	25.000	Lukka	FRP		2022-09-11T10:00:00	Centre	Overcast	KLF	Departure	 5 m		Look	Reaction	Away from speaker	POINT	523.120	G:/Individual recognition vids/Blind videos/DY26.MP4	13078	NA	
DY26	2024-01-21 20:23:12	Probably garbage, I believe it was redone, keep until sure. Sound not scored	638.840	Media file(s)	player #1:G:/Individual recognition vids/Blind videos/DY26.MP4	655.200	25.000	Lukka	FRP		2022-09-11T10:00:00	Centre	Overcast	KLF	Departure	 5 m		Look	Reaction	At speaker	POINT	524.080	G:/Individual recognition vids/Blind videos/DY26.MP4	13102	NA	
DY26	2024-01-21 20:23:12	Probably garbage, I believe it was redone, keep until sure. Sound not scored	638.840	Media file(s)	player #1:G:/Individual recognition vids/Blind videos/DY26.MP4	655.200	25.000	Lukka	FRP		2022-09-11T10:00:00	Centre	Overcast	KLF	Departure	 5 m		Look	Reaction	Away from speaker	POINT	529.800	G:/Individual recognition vids/Blind videos/DY26.MP4	13245	NA	
DY26	2024-01-21 20:23:12	Probably garbage, I believe it was redone, keep until sure. Sound not scored	638.840	Media file(s)	player #1:G:/Individual recognition vids/Blind videos/DY26.MP4	655.200	25.000	Lukka	FRP		2022-09-11T10:00:00	Centre	Overcast	KLF	Departure	 5 m		Mov	Locomotion	Away from speaker	START	531.040	G:/Individual recognition vids/Blind videos/DY26.MP4	13276	NA	
DY26	2024-01-21 20:23:12	Probably garbage, I believe it was redone, keep until sure. Sound not scored	638.840	Media file(s)	player #1:G:/Individual recognition vids/Blind videos/DY26.MP4	655.200	25.000	Lukka	FRP		2022-09-11T10:00:00	Centre	Overcast	KLF	Departure	 5 m		Ass	Interaction	Kin	START	533.760	G:/Individual recognition vids/Blind videos/DY26.MP4	13344	NA	
DY26	2024-01-21 20:23:12	Probably garbage, I believe it was redone, keep until sure. Sound not scored	638.840	Media file(s)	player #1:G:/Individual recognition vids/Blind videos/DY26.MP4	655.200	25.000	Lukka	FRP		2022-09-11T10:00:00	Centre	Overcast	KLF	Departure	 5 m		Fllw	Interaction	Kin	POINT	534.520	G:/Individual recognition vids/Blind videos/DY26.MP4	13363	NA	
DY26	2024-01-21 20:23:12	Probably garbage, I believe it was redone, keep until sure. Sound not scored	638.840	Media file(s)	player #1:G:/Individual recognition vids/Blind videos/DY26.MP4	655.200	25.000	Lukka	FRP		2022-09-11T10:00:00	Centre	Overcast	KLF	Departure	 5 m		Look	Reaction	At speaker	POINT	537.160	G:/Individual recognition vids/Blind videos/DY26.MP4	13429	NA	
DY26	2024-01-21 20:23:12	Probably garbage, I believe it was redone, keep until sure. Sound not scored	638.840	Media file(s)	player #1:G:/Individual recognition vids/Blind videos/DY26.MP4	655.200	25.000	Lukka	FRP		2022-09-11T10:00:00	Centre	Overcast	KLF	Departure	 5 m		Look	Reaction	Away from speaker	POINT	544.200	G:/Individual recognition vids/Blind videos/DY26.MP4	13605	NA	
DY26	2024-01-21 20:23:12	Probably garbage, I believe it was redone, keep until sure. Sound not scored	638.840	Media file(s)	player #1:G:/Individual recognition vids/Blind videos/DY26.MP4	655.200	25.000	Lukka	FRP		2022-09-11T10:00:00	Centre	Overcast	KLF	Departure	 5 m		Look	Reaction	Away from speaker	POINT	544.880	G:/Individual recognition vids/Blind videos/DY26.MP4	13622	NA	
DY26	2024-01-21 20:23:12	Probably garbage, I believe it was redone, keep until sure. Sound not scored	638.840	Media file(s)	player #1:G:/Individual recognition vids/Blind videos/DY26.MP4	655.200	25.000	Lukka	FRP		2022-09-11T10:00:00	Centre	Overcast	KLF	Departure	 5 m		Look	Reaction	At speaker	POINT	547.040	G:/Individual recognition vids/Blind videos/DY26.MP4	13677	NA	
DY26	2024-01-21 20:23:12	Probably garbage, I believe it was redone, keep until sure. Sound not scored	638.840	Media file(s)	player #1:G:/Individual recognition vids/Blind videos/DY26.MP4	655.200	25.000	Lukka	FRP		2022-09-11T10:00:00	Centre	Overcast	KLF	Departure	 5 m		Look	Reaction	Away from speaker	POINT	551.840	G:/Individual recognition vids/Blind videos/DY26.MP4	13796	NA	
DY26	2024-01-21 20:23:12	Probably garbage, I believe it was redone, keep until sure. Sound not scored	638.840	Media file(s)	player #1:G:/Individual recognition vids/Blind videos/DY26.MP4	655.200	25.000	Lukka	FRP		2022-09-11T10:00:00	Centre	Overcast	KLF	Departure	 5 m		Look	Reaction	Away from speaker	POINT	559.360	G:/Individual recognition vids/Blind videos/DY26.MP4	13984	NA	
DY26	2024-01-21 20:23:12	Probably garbage, I believe it was redone, keep until sure. Sound not scored	638.840	Media file(s)	player #1:G:/Individual recognition vids/Blind videos/DY26.MP4	655.200	25.000	Lukka	FRP		2022-09-11T10:00:00	Centre	Overcast	KLF	Departure	 5 m		Mov	Locomotion	Away from speaker	STOP	563.360	G:/Individual recognition vids/Blind videos/DY26.MP4	14084	NA	
DY26	2024-01-21 20:23:12	Probably garbage, I believe it was redone, keep until sure. Sound not scored	638.840	Media file(s)	player #1:G:/Individual recognition vids/Blind videos/DY26.MP4	655.200	25.000	Lukka	FRP		2022-09-11T10:00:00	Centre	Overcast	KLF	Departure	 5 m		Look	Reaction	Away from speaker	POINT	566.320	G:/Individual recognition vids/Blind videos/DY26.MP4	14158	NA	
DY26	2024-01-21 20:23:12	Probably garbage, I believe it was redone, keep until sure. Sound not scored	638.840	Media file(s)	player #1:G:/Individual recognition vids/Blind videos/DY26.MP4	655.200	25.000	Lukka	FRP		2022-09-11T10:00:00	Centre	Overcast	KLF	Departure	 5 m		Look	Reaction	At speaker	POINT	567.200	G:/Individual recognition vids/Blind videos/DY26.MP4	14181	NA	
DY26	2024-01-21 20:23:12	Probably garbage, I believe it was redone, keep until sure. Sound not scored	638.840	Media file(s)	player #1:G:/Individual recognition vids/Blind videos/DY26.MP4	655.200	25.000	Lukka	FRP		2022-09-11T10:00:00	Centre	Overcast	KLF	Departure	 5 m		HSH	Reaction		POINT	569.800	G:/Individual recognition vids/Blind videos/DY26.MP4	14245	NA	
DY26	2024-01-21 20:23:12	Probably garbage, I believe it was redone, keep until sure. Sound not scored	638.840	Media file(s)	player #1:G:/Individual recognition vids/Blind videos/DY26.MP4	655.200	25.000	Lukka	FRP		2022-09-11T10:00:00	Centre	Overcast	KLF	Departure	 5 m		Look	Reaction	Away from speaker	POINT	571.920	G:/Individual recognition vids/Blind videos/DY26.MP4	14298	NA	
DY26	2024-01-21 20:23:12	Probably garbage, I believe it was redone, keep until sure. Sound not scored	638.840	Media file(s)	player #1:G:/Individual recognition vids/Blind videos/DY26.MP4	655.200	25.000	Lukka	FRP		2022-09-11T10:00:00	Centre	Overcast	KLF	Departure	 5 m		Look	Reaction	At speaker	POINT	573.040	G:/Individual recognition vids/Blind videos/DY26.MP4	14326	NA	
DY26	2024-01-21 20:23:12	Probably garbage, I believe it was redone, keep until sure. Sound not scored	638.840	Media file(s)	player #1:G:/Individual recognition vids/Blind videos/DY26.MP4	655.200	25.000	Lukka	FRP		2022-09-11T10:00:00	Centre	Overcast	KLF	Departure	 5 m		Look	Reaction	Away from speaker	POINT	574.960	G:/Individual recognition vids/Blind videos/DY26.MP4	14374	NA	
DY26	2024-01-21 20:23:12	Probably garbage, I believe it was redone, keep until sure. Sound not scored	638.840	Media file(s)	player #1:G:/Individual recognition vids/Blind videos/DY26.MP4	655.200	25.000	Lukka	FRP		2022-09-11T10:00:00	Centre	Overcast	KLF	Departure	 5 m		Look	Reaction	At speaker	POINT	575.760	G:/Individual recognition vids/Blind videos/DY26.MP4	14394	NA	
DY26	2024-01-21 20:23:12	Probably garbage, I believe it was redone, keep until sure. Sound not scored	638.840	Media file(s)	player #1:G:/Individual recognition vids/Blind videos/DY26.MP4	655.200	25.000	Lukka	FRP		2022-09-11T10:00:00	Centre	Overcast	KLF	Departure	 5 m		Look	Reaction	Away from speaker	POINT	578.080	G:/Individual recognition vids/Blind videos/DY26.MP4	14452	NA	
DY26	2024-01-21 20:23:12	Probably garbage, I believe it was redone, keep until sure. Sound not scored	638.840	Media file(s)	player #1:G:/Individual recognition vids/Blind videos/DY26.MP4	655.200	25.000	Lukka	FRP		2022-09-11T10:00:00	Centre	Overcast	KLF	Departure	 5 m		Look	Reaction	Away from speaker	POINT	580.840	G:/Individual recognition vids/Blind videos/DY26.MP4	14521	NA	
DY26	2024-01-21 20:23:12	Probably garbage, I believe it was redone, keep until sure. Sound not scored	638.840	Media file(s)	player #1:G:/Individual recognition vids/Blind videos/DY26.MP4	655.200	25.000	Lukka	FRP		2022-09-11T10:00:00	Centre	Overcast	KLF	Departure	 5 m		Look	Reaction	At speaker	POINT	581.720	G:/Individual recognition vids/Blind videos/DY26.MP4	14543	NA	
DY26	2024-01-21 20:23:12	Probably garbage, I believe it was redone, keep until sure. Sound not scored	638.840	Media file(s)	player #1:G:/Individual recognition vids/Blind videos/DY26.MP4	655.200	25.000	Lukka	FRP		2022-09-11T10:00:00	Centre	Overcast	KLF	Departure	 5 m		Vig	Time budget	Long neck	START	582.440	G:/Individual recognition vids/Blind videos/DY26.MP4	14561	NA	
DY26	2024-01-21 20:23:12	Probably garbage, I believe it was redone, keep until sure. Sound not scored	638.840	Media file(s)	player #1:G:/Individual recognition vids/Blind videos/DY26.MP4	655.200	25.000	Lukka	FRP		2022-09-11T10:00:00	Centre	Overcast	KLF	Departure	 5 m		HSH	Reaction		POINT	583.800	G:/Individual recognition vids/Blind videos/DY26.MP4	14595	NA	
DY26	2024-01-21 20:23:12	Probably garbage, I believe it was redone, keep until sure. Sound not scored	638.840	Media file(s)	player #1:G:/Individual recognition vids/Blind videos/DY26.MP4	655.200	25.000	Lukka	FRP		2022-09-11T10:00:00	Centre	Overcast	KLF	Departure	 5 m		Look	Reaction	Away from speaker	POINT	586.320	G:/Individual recognition vids/Blind videos/DY26.MP4	14658	NA	
DY26	2024-01-21 20:23:12	Probably garbage, I believe it was redone, keep until sure. Sound not scored	638.840	Media file(s)	player #1:G:/Individual recognition vids/Blind videos/DY26.MP4	655.200	25.000	Lukka	FRP		2022-09-11T10:00:00	Centre	Overcast	KLF	Departure	 5 m		Look	Reaction	At speaker	POINT	587.760	G:/Individual recognition vids/Blind videos/DY26.MP4	14695	NA	
DY26	2024-01-21 20:23:12	Probably garbage, I believe it was redone, keep until sure. Sound not scored	638.840	Media file(s)	player #1:G:/Individual recognition vids/Blind videos/DY26.MP4	655.200	25.000	Lukka	FRP		2022-09-11T10:00:00	Centre	Overcast	KLF	Departure	 5 m		Look	Reaction	At speaker	POINT	589.560	G:/Individual recognition vids/Blind videos/DY26.MP4	14740	NA	
DY26	2024-01-21 20:23:12	Probably garbage, I believe it was redone, keep until sure. Sound not scored	638.840	Media file(s)	player #1:G:/Individual recognition vids/Blind videos/DY26.MP4	655.200	25.000	Lukka	FRP		2022-09-11T10:00:00	Centre	Overcast	KLF	Departure	 5 m		Look	Reaction	At speaker	POINT	592.600	G:/Individual recognition vids/Blind videos/DY26.MP4	14815	NA	
DY26	2024-01-21 20:23:12	Probably garbage, I believe it was redone, keep until sure. Sound not scored	638.840	Media file(s)	player #1:G:/Individual recognition vids/Blind videos/DY26.MP4	655.200	25.000	Lukka	FRP		2022-09-11T10:00:00	Centre	Overcast	KLF	Departure	 5 m		Look	Reaction	At speaker	POINT	596.600	G:/Individual recognition vids/Blind videos/DY26.MP4	14915	NA	
DY26	2024-01-21 20:23:12	Probably garbage, I believe it was redone, keep until sure. Sound not scored	638.840	Media file(s)	player #1:G:/Individual recognition vids/Blind videos/DY26.MP4	655.200	25.000	Lukka	FRP		2022-09-11T10:00:00	Centre	Overcast	KLF	Departure	 5 m		HSH	Reaction		POINT	599.920	G:/Individual recognition vids/Blind videos/DY26.MP4	14998	NA	
DY26	2024-01-21 20:23:12	Probably garbage, I believe it was redone, keep until sure. Sound not scored	638.840	Media file(s)	player #1:G:/Individual recognition vids/Blind videos/DY26.MP4	655.200	25.000	Lukka	FRP		2022-09-11T10:00:00	Centre	Overcast	KLF	Departure	 5 m		Vig	Time budget	Long neck	STOP	600.960	G:/Individual recognition vids/Blind videos/DY26.MP4	15024	NA	
DY26	2024-01-21 20:23:12	Probably garbage, I believe it was redone, keep until sure. Sound not scored	638.840	Media file(s)	player #1:G:/Individual recognition vids/Blind videos/DY26.MP4	655.200	25.000	Lukka	FRP		2022-09-11T10:00:00	Centre	Overcast	KLF	Departure	 5 m		Look	Reaction	At speaker	POINT	601.760	G:/Individual recognition vids/Blind videos/DY26.MP4	15044	NA	
DY26	2024-01-21 20:23:12	Probably garbage, I believe it was redone, keep until sure. Sound not scored	638.840	Media file(s)	player #1:G:/Individual recognition vids/Blind videos/DY26.MP4	655.200	25.000	Lukka	FRP		2022-09-11T10:00:00	Centre	Overcast	KLF	Departure	 5 m		Vig	Time budget	Mid neck	START	602.520	G:/Individual recognition vids/Blind videos/DY26.MP4	15063	NA	
DY26	2024-01-21 20:23:12	Probably garbage, I believe it was redone, keep until sure. Sound not scored	638.840	Media file(s)	player #1:G:/Individual recognition vids/Blind videos/DY26.MP4	655.200	25.000	Lukka	FRP		2022-09-11T10:00:00	Centre	Overcast	KLF	Departure	 5 m		Look	Reaction	Away from speaker	POINT	603.680	G:/Individual recognition vids/Blind videos/DY26.MP4	15092	NA	
DY26	2024-01-21 20:23:12	Probably garbage, I believe it was redone, keep until sure. Sound not scored	638.840	Media file(s)	player #1:G:/Individual recognition vids/Blind videos/DY26.MP4	655.200	25.000	Lukka	FRP		2022-09-11T10:00:00	Centre	Overcast	KLF	Departure	 5 m		Look	Reaction	Away from speaker	POINT	605.800	G:/Individual recognition vids/Blind videos/DY26.MP4	15145	NA	
DY26	2024-01-21 20:23:12	Probably garbage, I believe it was redone, keep until sure. Sound not scored	638.840	Media file(s)	player #1:G:/Individual recognition vids/Blind videos/DY26.MP4	655.200	25.000	Lukka	FRP		2022-09-11T10:00:00	Centre	Overcast	KLF	Departure	 5 m		Vig	Time budget	Mid neck	STOP	607.159	G:/Individual recognition vids/Blind videos/DY26.MP4	NA	NA	
DY26	2024-01-21 20:23:12	Probably garbage, I believe it was redone, keep until sure. Sound not scored	638.840	Media file(s)	player #1:G:/Individual recognition vids/Blind videos/DY26.MP4	655.200	25.000	Lukka	FRP		2022-09-11T10:00:00	Centre	Overcast	KLF	Departure	 5 m		Pre	Time budget	Alone	START	607.160	G:/Individual recognition vids/Blind videos/DY26.MP4	15179	NA	
DY26	2024-01-21 20:23:12	Probably garbage, I believe it was redone, keep until sure. Sound not scored	638.840	Media file(s)	player #1:G:/Individual recognition vids/Blind videos/DY26.MP4	655.200	25.000	Lukka	FRP		2022-09-11T10:00:00	Centre	Overcast	KLF	Departure	 5 m		Look	Reaction	Away from speaker	POINT	616.320	G:/Individual recognition vids/Blind videos/DY26.MP4	15408	NA	
DY26	2024-01-21 20:23:12	Probably garbage, I believe it was redone, keep until sure. Sound not scored	638.840	Media file(s)	player #1:G:/Individual recognition vids/Blind videos/DY26.MP4	655.200	25.000	Lukka	FRP		2022-09-11T10:00:00	Centre	Overcast	KLF	Departure	 5 m		Look	Reaction	Away from speaker	POINT	621.320	G:/Individual recognition vids/Blind videos/DY26.MP4	15533	NA	
DY26	2024-01-21 20:23:12	Probably garbage, I believe it was redone, keep until sure. Sound not scored	638.840	Media file(s)	player #1:G:/Individual recognition vids/Blind videos/DY26.MP4	655.200	25.000	Lukka	FRP		2022-09-11T10:00:00	Centre	Overcast	KLF	Departure	 5 m		Look	Reaction	At speaker	POINT	622.040	G:/Individual recognition vids/Blind videos/DY26.MP4	15551	NA	
DY26	2024-01-21 20:23:12	Probably garbage, I believe it was redone, keep until sure. Sound not scored	638.840	Media file(s)	player #1:G:/Individual recognition vids/Blind videos/DY26.MP4	655.200	25.000	Lukka	FRP		2022-09-11T10:00:00	Centre	Overcast	KLF	Departure	 5 m		Look	Reaction	Away from speaker	POINT	631.960	G:/Individual recognition vids/Blind videos/DY26.MP4	15799	NA	
DY26	2024-01-21 20:23:12	Probably garbage, I believe it was redone, keep until sure. Sound not scored	638.840	Media file(s)	player #1:G:/Individual recognition vids/Blind videos/DY26.MP4	655.200	25.000	Lukka	FRP		2022-09-11T10:00:00	Centre	Overcast	KLF	Departure	 5 m		HSH	Reaction		POINT	633.120	G:/Individual recognition vids/Blind videos/DY26.MP4	15828	NA	
DY26	2024-01-21 20:23:12	Probably garbage, I believe it was redone, keep until sure. Sound not scored	638.840	Media file(s)	player #1:G:/Individual recognition vids/Blind videos/DY26.MP4	655.200	25.000	Lukka	FRP		2022-09-11T10:00:00	Centre	Overcast	KLF	Departure	 5 m		Look	Reaction	At speaker	POINT	639.000	G:/Individual recognition vids/Blind videos/DY26.MP4	15975	NA	
DY26	2024-01-21 20:23:12	Probably garbage, I believe it was redone, keep until sure. Sound not scored	638.840	Media file(s)	player #1:G:/Individual recognition vids/Blind videos/DY26.MP4	655.200	25.000	Lukka	FRP		2022-09-11T10:00:00	Centre	Overcast	KLF	Departure	 5 m		Look	Reaction	At speaker	POINT	640.280	G:/Individual recognition vids/Blind videos/DY26.MP4	16007	NA	
DY26	2024-01-21 20:23:12	Probably garbage, I believe it was redone, keep until sure. Sound not scored	638.840	Media file(s)	player #1:G:/Individual recognition vids/Blind videos/DY26.MP4	655.200	25.000	Lukka	FRP		2022-09-11T10:00:00	Centre	Overcast	KLF	Departure	 5 m		Look	Reaction	Away from speaker	POINT	640.880	G:/Individual recognition vids/Blind videos/DY26.MP4	16022	NA	
DY26	2024-01-21 20:23:12	Probably garbage, I believe it was redone, keep until sure. Sound not scored	638.840	Media file(s)	player #1:G:/Individual recognition vids/Blind videos/DY26.MP4	655.200	25.000	Lukka	FRP		2022-09-11T10:00:00	Centre	Overcast	KLF	Departure	 5 m		Look	Reaction	Away from speaker	POINT	645.680	G:/Individual recognition vids/Blind videos/DY26.MP4	16142	NA	
DY26	2024-01-21 20:23:12	Probably garbage, I believe it was redone, keep until sure. Sound not scored	638.840	Media file(s)	player #1:G:/Individual recognition vids/Blind videos/DY26.MP4	655.200	25.000	Lukka	FRP		2022-09-11T10:00:00	Centre	Overcast	KLF	Departure	 5 m		Look	Reaction	Away from speaker	POINT	653.920	G:/Individual recognition vids/Blind videos/DY26.MP4	16348	NA	
DY26	2024-01-21 20:23:12	Probably garbage, I believe it was redone, keep until sure. Sound not scored	638.840	Media file(s)	player #1:G:/Individual recognition vids/Blind videos/DY26.MP4	655.200	25.000	Lukka	FRP		2022-09-11T10:00:00	Centre	Overcast	KLF	Departure	 5 m		Ass	Interaction	Kin	STOP	655.200	G:/Individual recognition vids/Blind videos/DY26.MP4	16380	NA	
DY26	2024-01-21 20:23:12	Probably garbage, I believe it was redone, keep until sure. Sound not scored	638.840	Media file(s)	player #1:G:/Individual recognition vids/Blind videos/DY26.MP4	655.200	25.000	Lukka	FRP		2022-09-11T10:00:00	Centre	Overcast	KLF	Departure	 5 m		HSH	Reaction		POINT	655.200	G:/Individual recognition vids/Blind videos/DY26.MP4	16380	NA	
DY26	2024-01-21 20:23:12	Probably garbage, I believe it was redone, keep until sure. Sound not scored	638.840	Media file(s)	player #1:G:/Individual recognition vids/Blind videos/DY26.MP4	655.200	25.000	Lukka	FRP		2022-09-11T10:00:00	Centre	Overcast	KLF	Departure	 5 m		Pre	Time budget	Alone	STOP	655.200	G:/Individual recognition vids/Blind videos/DY26.MP4	16380	NA	
