Observation id	Observation date	Description	Observation duration	Observation type	Source	Media duration (s)	FPS	Focal	Treatment	Date	Time	Position	Weather	Site	Call type	Closeset distance	Subject	Behavior	Behavioral category	Modifier #1	Behavior type	Media file name	Image index	Image file path	Comment	...27
Jurek_FC_13102022_1047	2024-03-01T20:55:15Z	NA	723.36	Media file(s)	player #1:G:/Individual recognition vids/Blind videos/JI99.MP4	723.36	25	Jurek	FC	NA	2022-09-11T10:00:00Z	Outer periphery	Overcast	KLF	Departure	2m	NA	Ass	Interaction	Kin	START	0	G:/Individual recognition vids/Blind videos/JI99.MP4	0	NA	NA
Jurek_FC_13102022_1047	2024-03-01T20:55:15Z	NA	723.36	Media file(s)	player #1:G:/Individual recognition vids/Blind videos/JI99.MP4	723.36	25	Jurek	FC	NA	2022-09-11T10:00:00Z	Outer periphery	Overcast	KLF	Departure	2m	NA	Vig	Time budget	Mid neck	START	0	G:/Individual recognition vids/Blind videos/JI99.MP4	0	NA	NA
Jurek_FC_13102022_1047	2024-03-01T20:55:15Z	NA	723.36	Media file(s)	player #1:G:/Individual recognition vids/Blind videos/JI99.MP4	723.36	25	Jurek	FC	NA	2022-09-11T10:00:00Z	Outer periphery	Overcast	KLF	Departure	2m	NA	Look	Reaction	At speaker	POINT	4.08	G:/Individual recognition vids/Blind videos/JI99.MP4	102	NA	NA
Jurek_FC_13102022_1047	2024-03-01T20:55:15Z	NA	723.36	Media file(s)	player #1:G:/Individual recognition vids/Blind videos/JI99.MP4	723.36	25	Jurek	FC	NA	2022-09-11T10:00:00Z	Outer periphery	Overcast	KLF	Departure	2m	NA	Look	Reaction	At speaker	POINT	5.36	G:/Individual recognition vids/Blind videos/JI99.MP4	134	NA	NA
Jurek_FC_13102022_1047	2024-03-01T20:55:15Z	NA	723.36	Media file(s)	player #1:G:/Individual recognition vids/Blind videos/JI99.MP4	723.36	25	Jurek	FC	NA	2022-09-11T10:00:00Z	Outer periphery	Overcast	KLF	Departure	2m	NA	Look	Reaction	Away from speaker	POINT	9.24	G:/Individual recognition vids/Blind videos/JI99.MP4	231	NA	NA
Jurek_FC_13102022_1047	2024-03-01T20:55:15Z	NA	723.36	Media file(s)	player #1:G:/Individual recognition vids/Blind videos/JI99.MP4	723.36	25	Jurek	FC	NA	2022-09-11T10:00:00Z	Outer periphery	Overcast	KLF	Departure	2m	NA	Look	Reaction	Away from speaker	POINT	10.24	G:/Individual recognition vids/Blind videos/JI99.MP4	257	NA	NA
Jurek_FC_13102022_1047	2024-03-01T20:55:15Z	NA	723.36	Media file(s)	player #1:G:/Individual recognition vids/Blind videos/JI99.MP4	723.36	25	Jurek	FC	NA	2022-09-11T10:00:00Z	Outer periphery	Overcast	KLF	Departure	2m	NA	Look	Reaction	At speaker	POINT	10.88	G:/Individual recognition vids/Blind videos/JI99.MP4	272	NA	NA
Jurek_FC_13102022_1047	2024-03-01T20:55:15Z	NA	723.36	Media file(s)	player #1:G:/Individual recognition vids/Blind videos/JI99.MP4	723.36	25	Jurek	FC	NA	2022-09-11T10:00:00Z	Outer periphery	Overcast	KLF	Departure	2m	NA	Look	Reaction	Away from speaker	POINT	12.08	G:/Individual recognition vids/Blind videos/JI99.MP4	302	NA	NA
Jurek_FC_13102022_1047	2024-03-01T20:55:15Z	NA	723.36	Media file(s)	player #1:G:/Individual recognition vids/Blind videos/JI99.MP4	723.36	25	Jurek	FC	NA	2022-09-11T10:00:00Z	Outer periphery	Overcast	KLF	Departure	2m	NA	Look	Reaction	At speaker	POINT	13.8	G:/Individual recognition vids/Blind videos/JI99.MP4	345	NA	NA
Jurek_FC_13102022_1047	2024-03-01T20:55:15Z	NA	723.36	Media file(s)	player #1:G:/Individual recognition vids/Blind videos/JI99.MP4	723.36	25	Jurek	FC	NA	2022-09-11T10:00:00Z	Outer periphery	Overcast	KLF	Departure	2m	NA	Look	Reaction	Away from speaker	POINT	14.96	G:/Individual recognition vids/Blind videos/JI99.MP4	374	NA	NA
Jurek_FC_13102022_1047	2024-03-01T20:55:15Z	NA	723.36	Media file(s)	player #1:G:/Individual recognition vids/Blind videos/JI99.MP4	723.36	25	Jurek	FC	NA	2022-09-11T10:00:00Z	Outer periphery	Overcast	KLF	Departure	2m	NA	Vig	Time budget	Mid neck	STOP	18.799	G:/Individual recognition vids/Blind videos/JI99.MP4	NA	NA	NA
Jurek_FC_13102022_1047	2024-03-01T20:55:15Z	NA	723.36	Media file(s)	player #1:G:/Individual recognition vids/Blind videos/JI99.MP4	723.36	25	Jurek	FC	NA	2022-09-11T10:00:00Z	Outer periphery	Overcast	KLF	Departure	2m	NA	Pre	Time budget	With kin	START	18.8	G:/Individual recognition vids/Blind videos/JI99.MP4	470	NA	NA
Jurek_FC_13102022_1047	2024-03-01T20:55:15Z	NA	723.36	Media file(s)	player #1:G:/Individual recognition vids/Blind videos/JI99.MP4	723.36	25	Jurek	FC	NA	2022-09-11T10:00:00Z	Outer periphery	Overcast	KLF	Departure	2m	NA	Look	Reaction	At speaker	POINT	27.6	G:/Individual recognition vids/Blind videos/JI99.MP4	690	NA	NA
Jurek_FC_13102022_1047	2024-03-01T20:55:15Z	NA	723.36	Media file(s)	player #1:G:/Individual recognition vids/Blind videos/JI99.MP4	723.36	25	Jurek	FC	NA	2022-09-11T10:00:00Z	Outer periphery	Overcast	KLF	Departure	2m	NA	Look	Reaction	At speaker	POINT	33.04	G:/Individual recognition vids/Blind videos/JI99.MP4	826	NA	NA
Jurek_FC_13102022_1047	2024-03-01T20:55:15Z	NA	723.36	Media file(s)	player #1:G:/Individual recognition vids/Blind videos/JI99.MP4	723.36	25	Jurek	FC	NA	2022-09-11T10:00:00Z	Outer periphery	Overcast	KLF	Departure	2m	NA	Pre	Time budget	With kin	STOP	33.439	G:/Individual recognition vids/Blind videos/JI99.MP4	NA	NA	NA
Jurek_FC_13102022_1047	2024-03-01T20:55:15Z	NA	723.36	Media file(s)	player #1:G:/Individual recognition vids/Blind videos/JI99.MP4	723.36	25	Jurek	FC	NA	2022-09-11T10:00:00Z	Outer periphery	Overcast	KLF	Departure	2m	NA	Vig	Time budget	Short Neck	START	33.44	G:/Individual recognition vids/Blind videos/JI99.MP4	836	NA	NA
Jurek_FC_13102022_1047	2024-03-01T20:55:15Z	NA	723.36	Media file(s)	player #1:G:/Individual recognition vids/Blind videos/JI99.MP4	723.36	25	Jurek	FC	NA	2022-09-11T10:00:00Z	Outer periphery	Overcast	KLF	Departure	2m	NA	Look	Reaction	Away from speaker	POINT	35	G:/Individual recognition vids/Blind videos/JI99.MP4	875	NA	NA
Jurek_FC_13102022_1047	2024-03-01T20:55:15Z	NA	723.36	Media file(s)	player #1:G:/Individual recognition vids/Blind videos/JI99.MP4	723.36	25	Jurek	FC	NA	2022-09-11T10:00:00Z	Outer periphery	Overcast	KLF	Departure	2m	NA	Look	Reaction	At speaker	POINT	36.76	G:/Individual recognition vids/Blind videos/JI99.MP4	919	NA	NA
Jurek_FC_13102022_1047	2024-03-01T20:55:15Z	NA	723.36	Media file(s)	player #1:G:/Individual recognition vids/Blind videos/JI99.MP4	723.36	25	Jurek	FC	NA	2022-09-11T10:00:00Z	Outer periphery	Overcast	KLF	Departure	2m	NA	Look	Reaction	Away from speaker	POINT	46.08	G:/Individual recognition vids/Blind videos/JI99.MP4	1152	NA	NA
Jurek_FC_13102022_1047	2024-03-01T20:55:15Z	NA	723.36	Media file(s)	player #1:G:/Individual recognition vids/Blind videos/JI99.MP4	723.36	25	Jurek	FC	NA	2022-09-11T10:00:00Z	Outer periphery	Overcast	KLF	Departure	2m	NA	Vig	Time budget	Short Neck	STOP	47.719	G:/Individual recognition vids/Blind videos/JI99.MP4	NA	NA	NA
Jurek_FC_13102022_1047	2024-03-01T20:55:15Z	NA	723.36	Media file(s)	player #1:G:/Individual recognition vids/Blind videos/JI99.MP4	723.36	25	Jurek	FC	NA	2022-09-11T10:00:00Z	Outer periphery	Overcast	KLF	Departure	2m	NA	Pre	Time budget	With kin	START	47.72	G:/Individual recognition vids/Blind videos/JI99.MP4	1193	NA	NA
Jurek_FC_13102022_1047	2024-03-01T20:55:15Z	NA	723.36	Media file(s)	player #1:G:/Individual recognition vids/Blind videos/JI99.MP4	723.36	25	Jurek	FC	NA	2022-09-11T10:00:00Z	Outer periphery	Overcast	KLF	Departure	2m	NA	Look	Reaction	Away from speaker	POINT	58.52	G:/Individual recognition vids/Blind videos/JI99.MP4	1463	NA	NA
Jurek_FC_13102022_1047	2024-03-01T20:55:15Z	NA	723.36	Media file(s)	player #1:G:/Individual recognition vids/Blind videos/JI99.MP4	723.36	25	Jurek	FC	NA	2022-09-11T10:00:00Z	Outer periphery	Overcast	KLF	Departure	2m	NA	Look	Reaction	At speaker	POINT	61.48	G:/Individual recognition vids/Blind videos/JI99.MP4	1537	NA	NA
Jurek_FC_13102022_1047	2024-03-01T20:55:15Z	NA	723.36	Media file(s)	player #1:G:/Individual recognition vids/Blind videos/JI99.MP4	723.36	25	Jurek	FC	NA	2022-09-11T10:00:00Z	Outer periphery	Overcast	KLF	Departure	2m	NA	Look	Reaction	Away from speaker	POINT	70.48	G:/Individual recognition vids/Blind videos/JI99.MP4	1762	NA	NA
Jurek_FC_13102022_1047	2024-03-01T20:55:15Z	NA	723.36	Media file(s)	player #1:G:/Individual recognition vids/Blind videos/JI99.MP4	723.36	25	Jurek	FC	NA	2022-09-11T10:00:00Z	Outer periphery	Overcast	KLF	Departure	2m	NA	Look	Reaction	At speaker	POINT	72.32	G:/Individual recognition vids/Blind videos/JI99.MP4	1808	NA	NA
Jurek_FC_13102022_1047	2024-03-01T20:55:15Z	NA	723.36	Media file(s)	player #1:G:/Individual recognition vids/Blind videos/JI99.MP4	723.36	25	Jurek	FC	NA	2022-09-11T10:00:00Z	Outer periphery	Overcast	KLF	Departure	2m	NA	Pre	Time budget	With kin	STOP	77.6	G:/Individual recognition vids/Blind videos/JI99.MP4	1940	NA	NA
Jurek_FC_13102022_1047	2024-03-01T20:55:15Z	NA	723.36	Media file(s)	player #1:G:/Individual recognition vids/Blind videos/JI99.MP4	723.36	25	Jurek	FC	NA	2022-09-11T10:00:00Z	Outer periphery	Overcast	KLF	Departure	2m	NA	Look	Reaction	Away from speaker	POINT	80.64	G:/Individual recognition vids/Blind videos/JI99.MP4	2016	NA	NA
Jurek_FC_13102022_1047	2024-03-01T20:55:15Z	NA	723.36	Media file(s)	player #1:G:/Individual recognition vids/Blind videos/JI99.MP4	723.36	25	Jurek	FC	NA	2022-09-11T10:00:00Z	Outer periphery	Overcast	KLF	Departure	2m	NA	Rst	Time budget	With kin	START	82	G:/Individual recognition vids/Blind videos/JI99.MP4	2050	NA	NA
Jurek_FC_13102022_1047	2024-03-01T20:55:15Z	NA	723.36	Media file(s)	player #1:G:/Individual recognition vids/Blind videos/JI99.MP4	723.36	25	Jurek	FC	NA	2022-09-11T10:00:00Z	Outer periphery	Overcast	KLF	Departure	2m	NA	HSH	Reaction	NA	POINT	83.6	G:/Individual recognition vids/Blind videos/JI99.MP4	2090	NA	NA
Jurek_FC_13102022_1047	2024-03-01T20:55:15Z	NA	723.36	Media file(s)	player #1:G:/Individual recognition vids/Blind videos/JI99.MP4	723.36	25	Jurek	FC	NA	2022-09-11T10:00:00Z	Outer periphery	Overcast	KLF	Departure	2m	NA	Look	Reaction	Away from speaker	POINT	86.72	G:/Individual recognition vids/Blind videos/JI99.MP4	2168	NA	NA
Jurek_FC_13102022_1047	2024-03-01T20:55:15Z	NA	723.36	Media file(s)	player #1:G:/Individual recognition vids/Blind videos/JI99.MP4	723.36	25	Jurek	FC	NA	2022-09-11T10:00:00Z	Outer periphery	Overcast	KLF	Departure	2m	NA	Hab	Playback phase	NA	START	93.52	G:/Individual recognition vids/Blind videos/JI99.MP4	2338	NA	NA
Jurek_FC_13102022_1047	2024-03-01T20:55:15Z	NA	723.36	Media file(s)	player #1:G:/Individual recognition vids/Blind videos/JI99.MP4	723.36	25	Jurek	FC	NA	2022-09-11T10:00:00Z	Outer periphery	Overcast	KLF	Departure	2m	NA	Look	Reaction	At speaker	POINT	93.64	G:/Individual recognition vids/Blind videos/JI99.MP4	2341	NA	NA
Jurek_FC_13102022_1047	2024-03-01T20:55:15Z	NA	723.36	Media file(s)	player #1:G:/Individual recognition vids/Blind videos/JI99.MP4	723.36	25	Jurek	FC	NA	2022-09-11T10:00:00Z	Outer periphery	Overcast	KLF	Departure	2m	NA	Rst	Time budget	With kin	STOP	95.719	G:/Individual recognition vids/Blind videos/JI99.MP4	NA	NA	NA
Jurek_FC_13102022_1047	2024-03-01T20:55:15Z	NA	723.36	Media file(s)	player #1:G:/Individual recognition vids/Blind videos/JI99.MP4	723.36	25	Jurek	FC	NA	2022-09-11T10:00:00Z	Outer periphery	Overcast	KLF	Departure	2m	NA	Vig	Time budget	Mid neck	START	95.72	G:/Individual recognition vids/Blind videos/JI99.MP4	2393	NA	NA
Jurek_FC_13102022_1047	2024-03-01T20:55:15Z	NA	723.36	Media file(s)	player #1:G:/Individual recognition vids/Blind videos/JI99.MP4	723.36	25	Jurek	FC	NA	2022-09-11T10:00:00Z	Outer periphery	Overcast	KLF	Departure	2m	NA	Look	Reaction	Away from speaker	POINT	96.76	G:/Individual recognition vids/Blind videos/JI99.MP4	2420	NA	NA
Jurek_FC_13102022_1047	2024-03-01T20:55:15Z	NA	723.36	Media file(s)	player #1:G:/Individual recognition vids/Blind videos/JI99.MP4	723.36	25	Jurek	FC	NA	2022-09-11T10:00:00Z	Outer periphery	Overcast	KLF	Departure	2m	NA	Look	Reaction	Away from speaker	POINT	99.72	G:/Individual recognition vids/Blind videos/JI99.MP4	2493	NA	NA
Jurek_FC_13102022_1047	2024-03-01T20:55:15Z	NA	723.36	Media file(s)	player #1:G:/Individual recognition vids/Blind videos/JI99.MP4	723.36	25	Jurek	FC	NA	2022-09-11T10:00:00Z	Outer periphery	Overcast	KLF	Departure	2m	NA	Look	Reaction	Away from speaker	POINT	102.64	G:/Individual recognition vids/Blind videos/JI99.MP4	2566	NA	NA
Jurek_FC_13102022_1047	2024-03-01T20:55:15Z	NA	723.36	Media file(s)	player #1:G:/Individual recognition vids/Blind videos/JI99.MP4	723.36	25	Jurek	FC	NA	2022-09-11T10:00:00Z	Outer periphery	Overcast	KLF	Departure	2m	NA	Look	Reaction	At speaker	POINT	103.68	G:/Individual recognition vids/Blind videos/JI99.MP4	2592	NA	NA
Jurek_FC_13102022_1047	2024-03-01T20:55:15Z	NA	723.36	Media file(s)	player #1:G:/Individual recognition vids/Blind videos/JI99.MP4	723.36	25	Jurek	FC	NA	2022-09-11T10:00:00Z	Outer periphery	Overcast	KLF	Departure	2m	NA	Look	Reaction	At speaker	POINT	108.96	G:/Individual recognition vids/Blind videos/JI99.MP4	2724	NA	NA
Jurek_FC_13102022_1047	2024-03-01T20:55:15Z	NA	723.36	Media file(s)	player #1:G:/Individual recognition vids/Blind videos/JI99.MP4	723.36	25	Jurek	FC	NA	2022-09-11T10:00:00Z	Outer periphery	Overcast	KLF	Departure	2m	NA	Look	Reaction	Away from speaker	POINT	111.72	G:/Individual recognition vids/Blind videos/JI99.MP4	2793	NA	NA
Jurek_FC_13102022_1047	2024-03-01T20:55:15Z	NA	723.36	Media file(s)	player #1:G:/Individual recognition vids/Blind videos/JI99.MP4	723.36	25	Jurek	FC	NA	2022-09-11T10:00:00Z	Outer periphery	Overcast	KLF	Departure	2m	NA	Look	Reaction	Away from speaker	POINT	112.92	G:/Individual recognition vids/Blind videos/JI99.MP4	2823	NA	NA
Jurek_FC_13102022_1047	2024-03-01T20:55:15Z	NA	723.36	Media file(s)	player #1:G:/Individual recognition vids/Blind videos/JI99.MP4	723.36	25	Jurek	FC	NA	2022-09-11T10:00:00Z	Outer periphery	Overcast	KLF	Departure	2m	NA	Look	Reaction	At speaker	POINT	115.8	G:/Individual recognition vids/Blind videos/JI99.MP4	2895	NA	NA
Jurek_FC_13102022_1047	2024-03-01T20:55:15Z	NA	723.36	Media file(s)	player #1:G:/Individual recognition vids/Blind videos/JI99.MP4	723.36	25	Jurek	FC	NA	2022-09-11T10:00:00Z	Outer periphery	Overcast	KLF	Departure	2m	NA	Look	Reaction	At speaker	POINT	122.44	G:/Individual recognition vids/Blind videos/JI99.MP4	3061	NA	NA
Jurek_FC_13102022_1047	2024-03-01T20:55:15Z	NA	723.36	Media file(s)	player #1:G:/Individual recognition vids/Blind videos/JI99.MP4	723.36	25	Jurek	FC	NA	2022-09-11T10:00:00Z	Outer periphery	Overcast	KLF	Departure	2m	NA	Look	Reaction	Away from speaker	POINT	124.12	G:/Individual recognition vids/Blind videos/JI99.MP4	3103	NA	NA
Jurek_FC_13102022_1047	2024-03-01T20:55:15Z	NA	723.36	Media file(s)	player #1:G:/Individual recognition vids/Blind videos/JI99.MP4	723.36	25	Jurek	FC	NA	2022-09-11T10:00:00Z	Outer periphery	Overcast	KLF	Departure	2m	NA	Look	Reaction	Away from speaker	POINT	125.24	G:/Individual recognition vids/Blind videos/JI99.MP4	3131	NA	NA
Jurek_FC_13102022_1047	2024-03-01T20:55:15Z	NA	723.36	Media file(s)	player #1:G:/Individual recognition vids/Blind videos/JI99.MP4	723.36	25	Jurek	FC	NA	2022-09-11T10:00:00Z	Outer periphery	Overcast	KLF	Departure	2m	NA	Mov	Locomotion	Away from speaker	START	129.92	G:/Individual recognition vids/Blind videos/JI99.MP4	3248	NA	NA
Jurek_FC_13102022_1047	2024-03-01T20:55:15Z	NA	723.36	Media file(s)	player #1:G:/Individual recognition vids/Blind videos/JI99.MP4	723.36	25	Jurek	FC	NA	2022-09-11T10:00:00Z	Outer periphery	Overcast	KLF	Departure	2m	NA	Agn	Interaction	Towards other	POINT	133.4	G:/Individual recognition vids/Blind videos/JI99.MP4	3335	NA	NA
Jurek_FC_13102022_1047	2024-03-01T20:55:15Z	NA	723.36	Media file(s)	player #1:G:/Individual recognition vids/Blind videos/JI99.MP4	723.36	25	Jurek	FC	NA	2022-09-11T10:00:00Z	Outer periphery	Overcast	KLF	Departure	2m	NA	Look	Reaction	Away from speaker	POINT	135.88	G:/Individual recognition vids/Blind videos/JI99.MP4	3397	NA	NA
Jurek_FC_13102022_1047	2024-03-01T20:55:15Z	NA	723.36	Media file(s)	player #1:G:/Individual recognition vids/Blind videos/JI99.MP4	723.36	25	Jurek	FC	NA	2022-09-11T10:00:00Z	Outer periphery	Overcast	KLF	Departure	2m	NA	Vig	Time budget	Mid neck	STOP	140.36	G:/Individual recognition vids/Blind videos/JI99.MP4	3509	NA	NA
Jurek_FC_13102022_1047	2024-03-01T20:55:15Z	NA	723.36	Media file(s)	player #1:G:/Individual recognition vids/Blind videos/JI99.MP4	723.36	25	Jurek	FC	NA	2022-09-11T10:00:00Z	Outer periphery	Overcast	KLF	Departure	2m	NA	Mov	Locomotion	Away from speaker	STOP	142.799	G:/Individual recognition vids/Blind videos/JI99.MP4	NA	NA	NA
Jurek_FC_13102022_1047	2024-03-01T20:55:15Z	NA	723.36	Media file(s)	player #1:G:/Individual recognition vids/Blind videos/JI99.MP4	723.36	25	Jurek	FC	NA	2022-09-11T10:00:00Z	Outer periphery	Overcast	KLF	Departure	2m	NA	Eat	Time budget	With kin	START	142.8	G:/Individual recognition vids/Blind videos/JI99.MP4	3570	NA	NA
Jurek_FC_13102022_1047	2024-03-01T20:55:15Z	NA	723.36	Media file(s)	player #1:G:/Individual recognition vids/Blind videos/JI99.MP4	723.36	25	Jurek	FC	NA	2022-09-11T10:00:00Z	Outer periphery	Overcast	KLF	Departure	2m	NA	Look	Reaction	Away from speaker	POINT	161.72	G:/Individual recognition vids/Blind videos/JI99.MP4	4043	NA	NA
Jurek_FC_13102022_1047	2024-03-01T20:55:15Z	NA	723.36	Media file(s)	player #1:G:/Individual recognition vids/Blind videos/JI99.MP4	723.36	25	Jurek	FC	NA	2022-09-11T10:00:00Z	Outer periphery	Overcast	KLF	Departure	2m	NA	Eat	Time budget	With kin	STOP	163.759	G:/Individual recognition vids/Blind videos/JI99.MP4	NA	NA	NA
Jurek_FC_13102022_1047	2024-03-01T20:55:15Z	NA	723.36	Media file(s)	player #1:G:/Individual recognition vids/Blind videos/JI99.MP4	723.36	25	Jurek	FC	NA	2022-09-11T10:00:00Z	Outer periphery	Overcast	KLF	Departure	2m	NA	Mov	Locomotion	Away from speaker	START	163.76	G:/Individual recognition vids/Blind videos/JI99.MP4	4094	NA	NA
Jurek_FC_13102022_1047	2024-03-01T20:55:15Z	NA	723.36	Media file(s)	player #1:G:/Individual recognition vids/Blind videos/JI99.MP4	723.36	25	Jurek	FC	NA	2022-09-11T10:00:00Z	Outer periphery	Overcast	KLF	Departure	2m	NA	Mov	Locomotion	Away from speaker	STOP	167.039	G:/Individual recognition vids/Blind videos/JI99.MP4	NA	NA	NA
Jurek_FC_13102022_1047	2024-03-01T20:55:15Z	NA	723.36	Media file(s)	player #1:G:/Individual recognition vids/Blind videos/JI99.MP4	723.36	25	Jurek	FC	NA	2022-09-11T10:00:00Z	Outer periphery	Overcast	KLF	Departure	2m	NA	Eat	Time budget	With kin	START	167.04	G:/Individual recognition vids/Blind videos/JI99.MP4	4176	NA	NA
Jurek_FC_13102022_1047	2024-03-01T20:55:15Z	NA	723.36	Media file(s)	player #1:G:/Individual recognition vids/Blind videos/JI99.MP4	723.36	25	Jurek	FC	NA	2022-09-11T10:00:00Z	Outer periphery	Overcast	KLF	Departure	2m	NA	HSH	Reaction	NA	POINT	182.16	G:/Individual recognition vids/Blind videos/JI99.MP4	4554	NA	NA
Jurek_FC_13102022_1047	2024-03-01T20:55:15Z	NA	723.36	Media file(s)	player #1:G:/Individual recognition vids/Blind videos/JI99.MP4	723.36	25	Jurek	FC	NA	2022-09-11T10:00:00Z	Outer periphery	Overcast	KLF	Departure	2m	NA	Look	Reaction	Away from speaker	POINT	182.92	G:/Individual recognition vids/Blind videos/JI99.MP4	4573	NA	NA
Jurek_FC_13102022_1047	2024-03-01T20:55:15Z	NA	723.36	Media file(s)	player #1:G:/Individual recognition vids/Blind videos/JI99.MP4	723.36	25	Jurek	FC	NA	2022-09-11T10:00:00Z	Outer periphery	Overcast	KLF	Departure	2m	NA	Look	Reaction	At speaker	POINT	183.84	G:/Individual recognition vids/Blind videos/JI99.MP4	4596	NA	NA
Jurek_FC_13102022_1047	2024-03-01T20:55:15Z	NA	723.36	Media file(s)	player #1:G:/Individual recognition vids/Blind videos/JI99.MP4	723.36	25	Jurek	FC	NA	2022-09-11T10:00:00Z	Outer periphery	Overcast	KLF	Departure	2m	NA	Eat	Time budget	With kin	STOP	185.279	G:/Individual recognition vids/Blind videos/JI99.MP4	NA	NA	NA
Jurek_FC_13102022_1047	2024-03-01T20:55:15Z	NA	723.36	Media file(s)	player #1:G:/Individual recognition vids/Blind videos/JI99.MP4	723.36	25	Jurek	FC	NA	2022-09-11T10:00:00Z	Outer periphery	Overcast	KLF	Departure	2m	NA	Vig	Time budget	Short Neck	START	185.28	G:/Individual recognition vids/Blind videos/JI99.MP4	4632	NA	NA
Jurek_FC_13102022_1047	2024-03-01T20:55:15Z	NA	723.36	Media file(s)	player #1:G:/Individual recognition vids/Blind videos/JI99.MP4	723.36	25	Jurek	FC	NA	2022-09-11T10:00:00Z	Outer periphery	Overcast	KLF	Departure	2m	NA	Look	Reaction	Away from speaker	POINT	187.88	G:/Individual recognition vids/Blind videos/JI99.MP4	4697	NA	NA
Jurek_FC_13102022_1047	2024-03-01T20:55:15Z	NA	723.36	Media file(s)	player #1:G:/Individual recognition vids/Blind videos/JI99.MP4	723.36	25	Jurek	FC	NA	2022-09-11T10:00:00Z	Outer periphery	Overcast	KLF	Departure	2m	NA	Look	Reaction	Away from speaker	POINT	188.96	G:/Individual recognition vids/Blind videos/JI99.MP4	4724	NA	NA
Jurek_FC_13102022_1047	2024-03-01T20:55:15Z	NA	723.36	Media file(s)	player #1:G:/Individual recognition vids/Blind videos/JI99.MP4	723.36	25	Jurek	FC	NA	2022-09-11T10:00:00Z	Outer periphery	Overcast	KLF	Departure	2m	NA	Mov	Locomotion	Away from speaker	START	191.08	G:/Individual recognition vids/Blind videos/JI99.MP4	4777	NA	NA
Jurek_FC_13102022_1047	2024-03-01T20:55:15Z	NA	723.36	Media file(s)	player #1:G:/Individual recognition vids/Blind videos/JI99.MP4	723.36	25	Jurek	FC	NA	2022-09-11T10:00:00Z	Outer periphery	Overcast	KLF	Departure	2m	NA	Look	Reaction	Away from speaker	POINT	192.84	G:/Individual recognition vids/Blind videos/JI99.MP4	4821	NA	NA
Jurek_FC_13102022_1047	2024-03-01T20:55:15Z	NA	723.36	Media file(s)	player #1:G:/Individual recognition vids/Blind videos/JI99.MP4	723.36	25	Jurek	FC	NA	2022-09-11T10:00:00Z	Outer periphery	Overcast	KLF	Departure	2m	NA	Mov	Locomotion	Away from speaker	STOP	194.199	G:/Individual recognition vids/Blind videos/JI99.MP4	NA	NA	NA
Jurek_FC_13102022_1047	2024-03-01T20:55:15Z	NA	723.36	Media file(s)	player #1:G:/Individual recognition vids/Blind videos/JI99.MP4	723.36	25	Jurek	FC	NA	2022-09-11T10:00:00Z	Outer periphery	Overcast	KLF	Departure	2m	NA	Vig	Time budget	Short Neck	STOP	194.199	G:/Individual recognition vids/Blind videos/JI99.MP4	NA	NA	NA
Jurek_FC_13102022_1047	2024-03-01T20:55:15Z	NA	723.36	Media file(s)	player #1:G:/Individual recognition vids/Blind videos/JI99.MP4	723.36	25	Jurek	FC	NA	2022-09-11T10:00:00Z	Outer periphery	Overcast	KLF	Departure	2m	NA	Eat	Time budget	With kin	START	194.2	G:/Individual recognition vids/Blind videos/JI99.MP4	4855	NA	NA
Jurek_FC_13102022_1047	2024-03-01T20:55:15Z	NA	723.36	Media file(s)	player #1:G:/Individual recognition vids/Blind videos/JI99.MP4	723.36	25	Jurek	FC	NA	2022-09-11T10:00:00Z	Outer periphery	Overcast	KLF	Departure	2m	NA	Look	Reaction	Away from speaker	POINT	196.56	G:/Individual recognition vids/Blind videos/JI99.MP4	4914	NA	NA
Jurek_FC_13102022_1047	2024-03-01T20:55:15Z	NA	723.36	Media file(s)	player #1:G:/Individual recognition vids/Blind videos/JI99.MP4	723.36	25	Jurek	FC	NA	2022-09-11T10:00:00Z	Outer periphery	Overcast	KLF	Departure	2m	NA	Eat	Time budget	With kin	STOP	199.599	G:/Individual recognition vids/Blind videos/JI99.MP4	NA	NA	NA
Jurek_FC_13102022_1047	2024-03-01T20:55:15Z	NA	723.36	Media file(s)	player #1:G:/Individual recognition vids/Blind videos/JI99.MP4	723.36	25	Jurek	FC	NA	2022-09-11T10:00:00Z	Outer periphery	Overcast	KLF	Departure	2m	NA	Mov	Locomotion	Away from speaker	START	199.6	G:/Individual recognition vids/Blind videos/JI99.MP4	4990	NA	NA
Jurek_FC_13102022_1047	2024-03-01T20:55:15Z	NA	723.36	Media file(s)	player #1:G:/Individual recognition vids/Blind videos/JI99.MP4	723.36	25	Jurek	FC	NA	2022-09-11T10:00:00Z	Outer periphery	Overcast	KLF	Departure	2m	NA	Look	Reaction	Away from speaker	POINT	210.8	G:/Individual recognition vids/Blind videos/JI99.MP4	5270	NA	NA
Jurek_FC_13102022_1047	2024-03-01T20:55:15Z	NA	723.36	Media file(s)	player #1:G:/Individual recognition vids/Blind videos/JI99.MP4	723.36	25	Jurek	FC	NA	2022-09-11T10:00:00Z	Outer periphery	Overcast	KLF	Departure	2m	NA	Look	Reaction	Away from speaker	POINT	212.36	G:/Individual recognition vids/Blind videos/JI99.MP4	5309	NA	NA
Jurek_FC_13102022_1047	2024-03-01T20:55:15Z	NA	723.36	Media file(s)	player #1:G:/Individual recognition vids/Blind videos/JI99.MP4	723.36	25	Jurek	FC	NA	2022-09-11T10:00:00Z	Outer periphery	Overcast	KLF	Departure	2m	NA	Mov	Locomotion	Away from speaker	STOP	217.559	G:/Individual recognition vids/Blind videos/JI99.MP4	NA	NA	NA
Jurek_FC_13102022_1047	2024-03-01T20:55:15Z	NA	723.36	Media file(s)	player #1:G:/Individual recognition vids/Blind videos/JI99.MP4	723.36	25	Jurek	FC	NA	2022-09-11T10:00:00Z	Outer periphery	Overcast	KLF	Departure	2m	NA	Eat	Time budget	With kin	START	217.56	G:/Individual recognition vids/Blind videos/JI99.MP4	5439	NA	NA
Jurek_FC_13102022_1047	2024-03-01T20:55:15Z	NA	723.36	Media file(s)	player #1:G:/Individual recognition vids/Blind videos/JI99.MP4	723.36	25	Jurek	FC	NA	2022-09-11T10:00:00Z	Outer periphery	Overcast	KLF	Departure	2m	NA	Look	Reaction	Away from speaker	POINT	222.16	G:/Individual recognition vids/Blind videos/JI99.MP4	5554	NA	NA
Jurek_FC_13102022_1047	2024-03-01T20:55:15Z	NA	723.36	Media file(s)	player #1:G:/Individual recognition vids/Blind videos/JI99.MP4	723.36	25	Jurek	FC	NA	2022-09-11T10:00:00Z	Outer periphery	Overcast	KLF	Departure	2m	NA	Eat	Time budget	With kin	STOP	222.999	G:/Individual recognition vids/Blind videos/JI99.MP4	NA	NA	NA
Jurek_FC_13102022_1047	2024-03-01T20:55:15Z	NA	723.36	Media file(s)	player #1:G:/Individual recognition vids/Blind videos/JI99.MP4	723.36	25	Jurek	FC	NA	2022-09-11T10:00:00Z	Outer periphery	Overcast	KLF	Departure	2m	NA	Vig	Time budget	Short Neck	START	223	G:/Individual recognition vids/Blind videos/JI99.MP4	5575	NA	NA
Jurek_FC_13102022_1047	2024-03-01T20:55:15Z	NA	723.36	Media file(s)	player #1:G:/Individual recognition vids/Blind videos/JI99.MP4	723.36	25	Jurek	FC	NA	2022-09-11T10:00:00Z	Outer periphery	Overcast	KLF	Departure	2m	NA	Look	Reaction	At speaker	POINT	223.76	G:/Individual recognition vids/Blind videos/JI99.MP4	5594	NA	NA
Jurek_FC_13102022_1047	2024-03-01T20:55:15Z	NA	723.36	Media file(s)	player #1:G:/Individual recognition vids/Blind videos/JI99.MP4	723.36	25	Jurek	FC	NA	2022-09-11T10:00:00Z	Outer periphery	Overcast	KLF	Departure	2m	NA	Look	Reaction	Away from speaker	POINT	224.68	G:/Individual recognition vids/Blind videos/JI99.MP4	5618	NA	NA
Jurek_FC_13102022_1047	2024-03-01T20:55:15Z	NA	723.36	Media file(s)	player #1:G:/Individual recognition vids/Blind videos/JI99.MP4	723.36	25	Jurek	FC	NA	2022-09-11T10:00:00Z	Outer periphery	Overcast	KLF	Departure	2m	NA	Vig	Time budget	Short Neck	STOP	225.879	G:/Individual recognition vids/Blind videos/JI99.MP4	NA	NA	NA
Jurek_FC_13102022_1047	2024-03-01T20:55:15Z	NA	723.36	Media file(s)	player #1:G:/Individual recognition vids/Blind videos/JI99.MP4	723.36	25	Jurek	FC	NA	2022-09-11T10:00:00Z	Outer periphery	Overcast	KLF	Departure	2m	NA	Eat	Time budget	With kin	START	225.88	G:/Individual recognition vids/Blind videos/JI99.MP4	5647	NA	NA
Jurek_FC_13102022_1047	2024-03-01T20:55:15Z	NA	723.36	Media file(s)	player #1:G:/Individual recognition vids/Blind videos/JI99.MP4	723.36	25	Jurek	FC	NA	2022-09-11T10:00:00Z	Outer periphery	Overcast	KLF	Departure	2m	NA	Look	Reaction	Away from speaker	POINT	226.88	G:/Individual recognition vids/Blind videos/JI99.MP4	5672	NA	NA
Jurek_FC_13102022_1047	2024-03-01T20:55:15Z	NA	723.36	Media file(s)	player #1:G:/Individual recognition vids/Blind videos/JI99.MP4	723.36	25	Jurek	FC	NA	2022-09-11T10:00:00Z	Outer periphery	Overcast	KLF	Departure	2m	NA	Eat	Time budget	With kin	STOP	227.759	G:/Individual recognition vids/Blind videos/JI99.MP4	NA	NA	NA
Jurek_FC_13102022_1047	2024-03-01T20:55:15Z	NA	723.36	Media file(s)	player #1:G:/Individual recognition vids/Blind videos/JI99.MP4	723.36	25	Jurek	FC	NA	2022-09-11T10:00:00Z	Outer periphery	Overcast	KLF	Departure	2m	NA	Mov	Locomotion	Away from speaker	START	227.76	G:/Individual recognition vids/Blind videos/JI99.MP4	5694	NA	NA
Jurek_FC_13102022_1047	2024-03-01T20:55:15Z	NA	723.36	Media file(s)	player #1:G:/Individual recognition vids/Blind videos/JI99.MP4	723.36	25	Jurek	FC	NA	2022-09-11T10:00:00Z	Outer periphery	Overcast	KLF	Departure	2m	NA	Look	Reaction	Away from speaker	POINT	232.92	G:/Individual recognition vids/Blind videos/JI99.MP4	5823	NA	NA
Jurek_FC_13102022_1047	2024-03-01T20:55:15Z	NA	723.36	Media file(s)	player #1:G:/Individual recognition vids/Blind videos/JI99.MP4	723.36	25	Jurek	FC	NA	2022-09-11T10:00:00Z	Outer periphery	Overcast	KLF	Departure	2m	NA	Vig	Time budget	Mid neck	START	233.68	G:/Individual recognition vids/Blind videos/JI99.MP4	5842	NA	NA
Jurek_FC_13102022_1047	2024-03-01T20:55:15Z	NA	723.36	Media file(s)	player #1:G:/Individual recognition vids/Blind videos/JI99.MP4	723.36	25	Jurek	FC	NA	2022-09-11T10:00:00Z	Outer periphery	Overcast	KLF	Departure	2m	NA	Look	Reaction	Away from speaker	POINT	235.52	G:/Individual recognition vids/Blind videos/JI99.MP4	5888	NA	NA
Jurek_FC_13102022_1047	2024-03-01T20:55:15Z	NA	723.36	Media file(s)	player #1:G:/Individual recognition vids/Blind videos/JI99.MP4	723.36	25	Jurek	FC	NA	2022-09-11T10:00:00Z	Outer periphery	Overcast	KLF	Departure	2m	NA	Look	Reaction	Away from speaker	POINT	238.36	G:/Individual recognition vids/Blind videos/JI99.MP4	5959	NA	NA
Jurek_FC_13102022_1047	2024-03-01T20:55:15Z	NA	723.36	Media file(s)	player #1:G:/Individual recognition vids/Blind videos/JI99.MP4	723.36	25	Jurek	FC	NA	2022-09-11T10:00:00Z	Outer periphery	Overcast	KLF	Departure	2m	NA	Voc	Reaction	Contact	POINT	238.96	G:/Individual recognition vids/Blind videos/JI99.MP4	5974	NA	NA
Jurek_FC_13102022_1047	2024-03-01T20:55:15Z	NA	723.36	Media file(s)	player #1:G:/Individual recognition vids/Blind videos/JI99.MP4	723.36	25	Jurek	FC	NA	2022-09-11T10:00:00Z	Outer periphery	Overcast	KLF	Departure	2m	NA	Vig	Time budget	Mid neck	STOP	247.16	G:/Individual recognition vids/Blind videos/JI99.MP4	6179	NA	NA
Jurek_FC_13102022_1047	2024-03-01T20:55:15Z	NA	723.36	Media file(s)	player #1:G:/Individual recognition vids/Blind videos/JI99.MP4	723.36	25	Jurek	FC	NA	2022-09-11T10:00:00Z	Outer periphery	Overcast	KLF	Departure	2m	NA	Look	Reaction	Away from speaker	POINT	251	G:/Individual recognition vids/Blind videos/JI99.MP4	6275	NA	NA
Jurek_FC_13102022_1047	2024-03-01T20:55:15Z	NA	723.36	Media file(s)	player #1:G:/Individual recognition vids/Blind videos/JI99.MP4	723.36	25	Jurek	FC	NA	2022-09-11T10:00:00Z	Outer periphery	Overcast	KLF	Departure	2m	NA	Look	Reaction	Away from speaker	POINT	252.36	G:/Individual recognition vids/Blind videos/JI99.MP4	6309	NA	NA
Jurek_FC_13102022_1047	2024-03-01T20:55:15Z	NA	723.36	Media file(s)	player #1:G:/Individual recognition vids/Blind videos/JI99.MP4	723.36	25	Jurek	FC	NA	2022-09-11T10:00:00Z	Outer periphery	Overcast	KLF	Departure	2m	NA	Vig	Time budget	Mid neck	START	253.24	G:/Individual recognition vids/Blind videos/JI99.MP4	6331	NA	NA
Jurek_FC_13102022_1047	2024-03-01T20:55:15Z	NA	723.36	Media file(s)	player #1:G:/Individual recognition vids/Blind videos/JI99.MP4	723.36	25	Jurek	FC	NA	2022-09-11T10:00:00Z	Outer periphery	Overcast	KLF	Departure	2m	NA	Look	Reaction	Away from speaker	POINT	255.16	G:/Individual recognition vids/Blind videos/JI99.MP4	6379	NA	NA
Jurek_FC_13102022_1047	2024-03-01T20:55:15Z	NA	723.36	Media file(s)	player #1:G:/Individual recognition vids/Blind videos/JI99.MP4	723.36	25	Jurek	FC	NA	2022-09-11T10:00:00Z	Outer periphery	Overcast	KLF	Departure	2m	NA	Look	Reaction	Away from speaker	POINT	256	G:/Individual recognition vids/Blind videos/JI99.MP4	6400	NA	NA
Jurek_FC_13102022_1047	2024-03-01T20:55:15Z	NA	723.36	Media file(s)	player #1:G:/Individual recognition vids/Blind videos/JI99.MP4	723.36	25	Jurek	FC	NA	2022-09-11T10:00:00Z	Outer periphery	Overcast	KLF	Departure	2m	NA	Look	Reaction	Away from speaker	POINT	258.24	G:/Individual recognition vids/Blind videos/JI99.MP4	6456	NA	NA
Jurek_FC_13102022_1047	2024-03-01T20:55:15Z	NA	723.36	Media file(s)	player #1:G:/Individual recognition vids/Blind videos/JI99.MP4	723.36	25	Jurek	FC	NA	2022-09-11T10:00:00Z	Outer periphery	Overcast	KLF	Departure	2m	NA	Look	Reaction	Away from speaker	POINT	261.32	G:/Individual recognition vids/Blind videos/JI99.MP4	6533	NA	NA
Jurek_FC_13102022_1047	2024-03-01T20:55:15Z	NA	723.36	Media file(s)	player #1:G:/Individual recognition vids/Blind videos/JI99.MP4	723.36	25	Jurek	FC	NA	2022-09-11T10:00:00Z	Outer periphery	Overcast	KLF	Departure	2m	NA	Look	Reaction	Away from speaker	POINT	262.52	G:/Individual recognition vids/Blind videos/JI99.MP4	6563	NA	NA
Jurek_FC_13102022_1047	2024-03-01T20:55:15Z	NA	723.36	Media file(s)	player #1:G:/Individual recognition vids/Blind videos/JI99.MP4	723.36	25	Jurek	FC	NA	2022-09-11T10:00:00Z	Outer periphery	Overcast	KLF	Departure	2m	NA	Look	Reaction	Away from speaker	POINT	264.84	G:/Individual recognition vids/Blind videos/JI99.MP4	6621	NA	NA
Jurek_FC_13102022_1047	2024-03-01T20:55:15Z	NA	723.36	Media file(s)	player #1:G:/Individual recognition vids/Blind videos/JI99.MP4	723.36	25	Jurek	FC	NA	2022-09-11T10:00:00Z	Outer periphery	Overcast	KLF	Departure	2m	NA	Look	Reaction	Away from speaker	POINT	267.52	G:/Individual recognition vids/Blind videos/JI99.MP4	6688	NA	NA
Jurek_FC_13102022_1047	2024-03-01T20:55:15Z	NA	723.36	Media file(s)	player #1:G:/Individual recognition vids/Blind videos/JI99.MP4	723.36	25	Jurek	FC	NA	2022-09-11T10:00:00Z	Outer periphery	Overcast	KLF	Departure	2m	NA	Look	Reaction	Away from speaker	POINT	269.08	G:/Individual recognition vids/Blind videos/JI99.MP4	6727	NA	NA
Jurek_FC_13102022_1047	2024-03-01T20:55:15Z	NA	723.36	Media file(s)	player #1:G:/Individual recognition vids/Blind videos/JI99.MP4	723.36	25	Jurek	FC	NA	2022-09-11T10:00:00Z	Outer periphery	Overcast	KLF	Departure	2m	NA	Look	Reaction	Away from speaker	POINT	270.04	G:/Individual recognition vids/Blind videos/JI99.MP4	6751	NA	NA
Jurek_FC_13102022_1047	2024-03-01T20:55:15Z	NA	723.36	Media file(s)	player #1:G:/Individual recognition vids/Blind videos/JI99.MP4	723.36	25	Jurek	FC	NA	2022-09-11T10:00:00Z	Outer periphery	Overcast	KLF	Departure	2m	NA	Look	Reaction	Away from speaker	POINT	272.2	G:/Individual recognition vids/Blind videos/JI99.MP4	6805	NA	NA
Jurek_FC_13102022_1047	2024-03-01T20:55:15Z	NA	723.36	Media file(s)	player #1:G:/Individual recognition vids/Blind videos/JI99.MP4	723.36	25	Jurek	FC	NA	2022-09-11T10:00:00Z	Outer periphery	Overcast	KLF	Departure	2m	NA	Look	Reaction	Away from speaker	POINT	277.84	G:/Individual recognition vids/Blind videos/JI99.MP4	6946	NA	NA
Jurek_FC_13102022_1047	2024-03-01T20:55:15Z	NA	723.36	Media file(s)	player #1:G:/Individual recognition vids/Blind videos/JI99.MP4	723.36	25	Jurek	FC	NA	2022-09-11T10:00:00Z	Outer periphery	Overcast	KLF	Departure	2m	NA	Look	Reaction	Away from speaker	POINT	281.52	G:/Individual recognition vids/Blind videos/JI99.MP4	7038	NA	NA
Jurek_FC_13102022_1047	2024-03-01T20:55:15Z	NA	723.36	Media file(s)	player #1:G:/Individual recognition vids/Blind videos/JI99.MP4	723.36	25	Jurek	FC	NA	2022-09-11T10:00:00Z	Outer periphery	Overcast	KLF	Departure	2m	NA	Look	Reaction	Away from speaker	POINT	282.44	G:/Individual recognition vids/Blind videos/JI99.MP4	7061	NA	NA
Jurek_FC_13102022_1047	2024-03-01T20:55:15Z	NA	723.36	Media file(s)	player #1:G:/Individual recognition vids/Blind videos/JI99.MP4	723.36	25	Jurek	FC	NA	2022-09-11T10:00:00Z	Outer periphery	Overcast	KLF	Departure	2m	NA	Look	Reaction	Away from speaker	POINT	285.68	G:/Individual recognition vids/Blind videos/JI99.MP4	7142	NA	NA
Jurek_FC_13102022_1047	2024-03-01T20:55:15Z	NA	723.36	Media file(s)	player #1:G:/Individual recognition vids/Blind videos/JI99.MP4	723.36	25	Jurek	FC	NA	2022-09-11T10:00:00Z	Outer periphery	Overcast	KLF	Departure	2m	NA	Look	Reaction	Away from speaker	POINT	288.48	G:/Individual recognition vids/Blind videos/JI99.MP4	7212	NA	NA
Jurek_FC_13102022_1047	2024-03-01T20:55:15Z	NA	723.36	Media file(s)	player #1:G:/Individual recognition vids/Blind videos/JI99.MP4	723.36	25	Jurek	FC	NA	2022-09-11T10:00:00Z	Outer periphery	Overcast	KLF	Departure	2m	NA	Mov	Locomotion	Away from speaker	STOP	290.119	G:/Individual recognition vids/Blind videos/JI99.MP4	NA	NA	NA
Jurek_FC_13102022_1047	2024-03-01T20:55:15Z	NA	723.36	Media file(s)	player #1:G:/Individual recognition vids/Blind videos/JI99.MP4	723.36	25	Jurek	FC	NA	2022-09-11T10:00:00Z	Outer periphery	Overcast	KLF	Departure	2m	NA	Vig	Time budget	Mid neck	STOP	290.119	G:/Individual recognition vids/Blind videos/JI99.MP4	NA	NA	NA
Jurek_FC_13102022_1047	2024-03-01T20:55:15Z	NA	723.36	Media file(s)	player #1:G:/Individual recognition vids/Blind videos/JI99.MP4	723.36	25	Jurek	FC	NA	2022-09-11T10:00:00Z	Outer periphery	Overcast	KLF	Departure	2m	NA	Eat	Time budget	With kin	START	290.12	G:/Individual recognition vids/Blind videos/JI99.MP4	7253	NA	NA
Jurek_FC_13102022_1047	2024-03-01T20:55:15Z	NA	723.36	Media file(s)	player #1:G:/Individual recognition vids/Blind videos/JI99.MP4	723.36	25	Jurek	FC	NA	2022-09-11T10:00:00Z	Outer periphery	Overcast	KLF	Departure	2m	NA	Eat	Time budget	With kin	STOP	297.159	G:/Individual recognition vids/Blind videos/JI99.MP4	NA	NA	NA
Jurek_FC_13102022_1047	2024-03-01T20:55:15Z	NA	723.36	Media file(s)	player #1:G:/Individual recognition vids/Blind videos/JI99.MP4	723.36	25	Jurek	FC	NA	2022-09-11T10:00:00Z	Outer periphery	Overcast	KLF	Departure	2m	NA	Look	Reaction	Away from speaker	POINT	297.16	G:/Individual recognition vids/Blind videos/JI99.MP4	7429	NA	NA
Jurek_FC_13102022_1047	2024-03-01T20:55:15Z	NA	723.36	Media file(s)	player #1:G:/Individual recognition vids/Blind videos/JI99.MP4	723.36	25	Jurek	FC	NA	2022-09-11T10:00:00Z	Outer periphery	Overcast	KLF	Departure	2m	NA	Vig	Time budget	Mid neck	START	297.16	G:/Individual recognition vids/Blind videos/JI99.MP4	7429	NA	NA
Jurek_FC_13102022_1047	2024-03-01T20:55:15Z	NA	723.36	Media file(s)	player #1:G:/Individual recognition vids/Blind videos/JI99.MP4	723.36	25	Jurek	FC	NA	2022-09-11T10:00:00Z	Outer periphery	Overcast	KLF	Departure	2m	NA	Look	Reaction	Away from speaker	POINT	298.48	G:/Individual recognition vids/Blind videos/JI99.MP4	7462	NA	NA
Jurek_FC_13102022_1047	2024-03-01T20:55:15Z	NA	723.36	Media file(s)	player #1:G:/Individual recognition vids/Blind videos/JI99.MP4	723.36	25	Jurek	FC	NA	2022-09-11T10:00:00Z	Outer periphery	Overcast	KLF	Departure	2m	NA	Mov	Locomotion	Away from speaker	START	300.12	G:/Individual recognition vids/Blind videos/JI99.MP4	7503	NA	NA
Jurek_FC_13102022_1047	2024-03-01T20:55:15Z	NA	723.36	Media file(s)	player #1:G:/Individual recognition vids/Blind videos/JI99.MP4	723.36	25	Jurek	FC	NA	2022-09-11T10:00:00Z	Outer periphery	Overcast	KLF	Departure	2m	NA	Mov	Locomotion	Away from speaker	STOP	301.839	G:/Individual recognition vids/Blind videos/JI99.MP4	NA	NA	NA
Jurek_FC_13102022_1047	2024-03-01T20:55:15Z	NA	723.36	Media file(s)	player #1:G:/Individual recognition vids/Blind videos/JI99.MP4	723.36	25	Jurek	FC	NA	2022-09-11T10:00:00Z	Outer periphery	Overcast	KLF	Departure	2m	NA	Vig	Time budget	Mid neck	STOP	301.839	G:/Individual recognition vids/Blind videos/JI99.MP4	NA	NA	NA
Jurek_FC_13102022_1047	2024-03-01T20:55:15Z	NA	723.36	Media file(s)	player #1:G:/Individual recognition vids/Blind videos/JI99.MP4	723.36	25	Jurek	FC	NA	2022-09-11T10:00:00Z	Outer periphery	Overcast	KLF	Departure	2m	NA	Eat	Time budget	With kin	START	301.84	G:/Individual recognition vids/Blind videos/JI99.MP4	7546	NA	NA
Jurek_FC_13102022_1047	2024-03-01T20:55:15Z	NA	723.36	Media file(s)	player #1:G:/Individual recognition vids/Blind videos/JI99.MP4	723.36	25	Jurek	FC	NA	2022-09-11T10:00:00Z	Outer periphery	Overcast	KLF	Departure	2m	NA	Look	Reaction	Away from speaker	POINT	303.28	G:/Individual recognition vids/Blind videos/JI99.MP4	7582	NA	NA
Jurek_FC_13102022_1047	2024-03-01T20:55:15Z	NA	723.36	Media file(s)	player #1:G:/Individual recognition vids/Blind videos/JI99.MP4	723.36	25	Jurek	FC	NA	2022-09-11T10:00:00Z	Outer periphery	Overcast	KLF	Departure	2m	NA	Eat	Time budget	With kin	STOP	305.079	G:/Individual recognition vids/Blind videos/JI99.MP4	NA	NA	NA
Jurek_FC_13102022_1047	2024-03-01T20:55:15Z	NA	723.36	Media file(s)	player #1:G:/Individual recognition vids/Blind videos/JI99.MP4	723.36	25	Jurek	FC	NA	2022-09-11T10:00:00Z	Outer periphery	Overcast	KLF	Departure	2m	NA	Mov	Locomotion	Away from speaker	START	305.08	G:/Individual recognition vids/Blind videos/JI99.MP4	7627	NA	NA
Jurek_FC_13102022_1047	2024-03-01T20:55:15Z	NA	723.36	Media file(s)	player #1:G:/Individual recognition vids/Blind videos/JI99.MP4	723.36	25	Jurek	FC	NA	2022-09-11T10:00:00Z	Outer periphery	Overcast	KLF	Departure	2m	NA	Fllw	Interaction	Kin	POINT	306.72	G:/Individual recognition vids/Blind videos/JI99.MP4	7668	NA	NA
Jurek_FC_13102022_1047	2024-03-01T20:55:15Z	NA	723.36	Media file(s)	player #1:G:/Individual recognition vids/Blind videos/JI99.MP4	723.36	25	Jurek	FC	NA	2022-09-11T10:00:00Z	Outer periphery	Overcast	KLF	Departure	2m	NA	Look	Reaction	At speaker	POINT	307.68	G:/Individual recognition vids/Blind videos/JI99.MP4	7692	NA	NA
Jurek_FC_13102022_1047	2024-03-01T20:55:15Z	NA	723.36	Media file(s)	player #1:G:/Individual recognition vids/Blind videos/JI99.MP4	723.36	25	Jurek	FC	NA	2022-09-11T10:00:00Z	Outer periphery	Overcast	KLF	Departure	2m	NA	Look	Reaction	Away from speaker	POINT	308.64	G:/Individual recognition vids/Blind videos/JI99.MP4	7716	NA	NA
Jurek_FC_13102022_1047	2024-03-01T20:55:15Z	NA	723.36	Media file(s)	player #1:G:/Individual recognition vids/Blind videos/JI99.MP4	723.36	25	Jurek	FC	NA	2022-09-11T10:00:00Z	Outer periphery	Overcast	KLF	Departure	2m	NA	Fllw	Interaction	Kin	POINT	312	G:/Individual recognition vids/Blind videos/JI99.MP4	7800	NA	NA
Jurek_FC_13102022_1047	2024-03-01T20:55:15Z	NA	723.36	Media file(s)	player #1:G:/Individual recognition vids/Blind videos/JI99.MP4	723.36	25	Jurek	FC	NA	2022-09-11T10:00:00Z	Outer periphery	Overcast	KLF	Departure	2m	NA	Look	Reaction	Away from speaker	POINT	314.4	G:/Individual recognition vids/Blind videos/JI99.MP4	7860	NA	NA
Jurek_FC_13102022_1047	2024-03-01T20:55:15Z	NA	723.36	Media file(s)	player #1:G:/Individual recognition vids/Blind videos/JI99.MP4	723.36	25	Jurek	FC	NA	2022-09-11T10:00:00Z	Outer periphery	Overcast	KLF	Departure	2m	NA	Look	Reaction	Away from speaker	POINT	321.16	G:/Individual recognition vids/Blind videos/JI99.MP4	8029	NA	NA
Jurek_FC_13102022_1047	2024-03-01T20:55:15Z	NA	723.36	Media file(s)	player #1:G:/Individual recognition vids/Blind videos/JI99.MP4	723.36	25	Jurek	FC	NA	2022-09-11T10:00:00Z	Outer periphery	Overcast	KLF	Departure	2m	NA	Mov	Locomotion	Away from speaker	STOP	329.639	G:/Individual recognition vids/Blind videos/JI99.MP4	NA	NA	NA
Jurek_FC_13102022_1047	2024-03-01T20:55:15Z	NA	723.36	Media file(s)	player #1:G:/Individual recognition vids/Blind videos/JI99.MP4	723.36	25	Jurek	FC	NA	2022-09-11T10:00:00Z	Outer periphery	Overcast	KLF	Departure	2m	NA	Eat	Time budget	With kin	START	329.64	G:/Individual recognition vids/Blind videos/JI99.MP4	8241	NA	NA
Jurek_FC_13102022_1047	2024-03-01T20:55:15Z	NA	723.36	Media file(s)	player #1:G:/Individual recognition vids/Blind videos/JI99.MP4	723.36	25	Jurek	FC	NA	2022-09-11T10:00:00Z	Outer periphery	Overcast	KLF	Departure	2m	NA	FVO	Reaction	Distance	POINT	334.08	G:/Individual recognition vids/Blind videos/JI99.MP4	8352	NA	NA
Jurek_FC_13102022_1047	2024-03-01T20:55:15Z	NA	723.36	Media file(s)	player #1:G:/Individual recognition vids/Blind videos/JI99.MP4	723.36	25	Jurek	FC	NA	2022-09-11T10:00:00Z	Outer periphery	Overcast	KLF	Departure	2m	NA	Look	Reaction	At speaker	POINT	335.08	G:/Individual recognition vids/Blind videos/JI99.MP4	8377	NA	NA
Jurek_FC_13102022_1047	2024-03-01T20:55:15Z	NA	723.36	Media file(s)	player #1:G:/Individual recognition vids/Blind videos/JI99.MP4	723.36	25	Jurek	FC	NA	2022-09-11T10:00:00Z	Outer periphery	Overcast	KLF	Departure	2m	NA	FVO	Reaction	Other	POINT	335.84	G:/Individual recognition vids/Blind videos/JI99.MP4	8396	NA	NA
Jurek_FC_13102022_1047	2024-03-01T20:55:15Z	NA	723.36	Media file(s)	player #1:G:/Individual recognition vids/Blind videos/JI99.MP4	723.36	25	Jurek	FC	NA	2022-09-11T10:00:00Z	Outer periphery	Overcast	KLF	Departure	2m	NA	Look	Reaction	At speaker	POINT	344.16	G:/Individual recognition vids/Blind videos/JI99.MP4	8604	NA	NA
Jurek_FC_13102022_1047	2024-03-01T20:55:15Z	NA	723.36	Media file(s)	player #1:G:/Individual recognition vids/Blind videos/JI99.MP4	723.36	25	Jurek	FC	NA	2022-09-11T10:00:00Z	Outer periphery	Overcast	KLF	Departure	2m	NA	Hab	Playback phase	NA	STOP	345.44	G:/Individual recognition vids/Blind videos/JI99.MP4	8636	NA	NA
Jurek_FC_13102022_1047	2024-03-01T20:55:15Z	NA	723.36	Media file(s)	player #1:G:/Individual recognition vids/Blind videos/JI99.MP4	723.36	25	Jurek	FC	NA	2022-09-11T10:00:00Z	Outer periphery	Overcast	KLF	Departure	2m	NA	Eat	Time budget	With kin	STOP	345.959	G:/Individual recognition vids/Blind videos/JI99.MP4	NA	NA	NA
Jurek_FC_13102022_1047	2024-03-01T20:55:15Z	NA	723.36	Media file(s)	player #1:G:/Individual recognition vids/Blind videos/JI99.MP4	723.36	25	Jurek	FC	NA	2022-09-11T10:00:00Z	Outer periphery	Overcast	KLF	Departure	2m	NA	Vig	Time budget	Long neck	START	345.96	G:/Individual recognition vids/Blind videos/JI99.MP4	8649	NA	NA
Jurek_FC_13102022_1047	2024-03-01T20:55:15Z	NA	723.36	Media file(s)	player #1:G:/Individual recognition vids/Blind videos/JI99.MP4	723.36	25	Jurek	FC	NA	2022-09-11T10:00:00Z	Outer periphery	Overcast	KLF	Departure	2m	NA	Look	Reaction	Away from speaker	POINT	355.68	G:/Individual recognition vids/Blind videos/JI99.MP4	8892	NA	NA
Jurek_FC_13102022_1047	2024-03-01T20:55:15Z	NA	723.36	Media file(s)	player #1:G:/Individual recognition vids/Blind videos/JI99.MP4	723.36	25	Jurek	FC	NA	2022-09-11T10:00:00Z	Outer periphery	Overcast	KLF	Departure	2m	NA	Look	Reaction	Away from speaker	POINT	360.2	G:/Individual recognition vids/Blind videos/JI99.MP4	9005	NA	NA
Jurek_FC_13102022_1047	2024-03-01T20:55:15Z	NA	723.36	Media file(s)	player #1:G:/Individual recognition vids/Blind videos/JI99.MP4	723.36	25	Jurek	FC	NA	2022-09-11T10:00:00Z	Outer periphery	Overcast	KLF	Departure	2m	NA	Look	Reaction	Away from speaker	POINT	363.28	G:/Individual recognition vids/Blind videos/JI99.MP4	9082	NA	NA
Jurek_FC_13102022_1047	2024-03-01T20:55:15Z	NA	723.36	Media file(s)	player #1:G:/Individual recognition vids/Blind videos/JI99.MP4	723.36	25	Jurek	FC	NA	2022-09-11T10:00:00Z	Outer periphery	Overcast	KLF	Departure	2m	NA	Htlt	Reaction	NA	POINT	363.68	G:/Individual recognition vids/Blind videos/JI99.MP4	9092	NA	NA
Jurek_FC_13102022_1047	2024-03-01T20:55:15Z	NA	723.36	Media file(s)	player #1:G:/Individual recognition vids/Blind videos/JI99.MP4	723.36	25	Jurek	FC	NA	2022-09-11T10:00:00Z	Outer periphery	Overcast	KLF	Departure	2m	NA	Look	Reaction	Away from speaker	POINT	364.6	G:/Individual recognition vids/Blind videos/JI99.MP4	9115	NA	NA
Jurek_FC_13102022_1047	2024-03-01T20:55:15Z	NA	723.36	Media file(s)	player #1:G:/Individual recognition vids/Blind videos/JI99.MP4	723.36	25	Jurek	FC	NA	2022-09-11T10:00:00Z	Outer periphery	Overcast	KLF	Departure	2m	NA	Look	Reaction	Away from speaker	POINT	365.44	G:/Individual recognition vids/Blind videos/JI99.MP4	9136	NA	NA
Jurek_FC_13102022_1047	2024-03-01T20:55:15Z	NA	723.36	Media file(s)	player #1:G:/Individual recognition vids/Blind videos/JI99.MP4	723.36	25	Jurek	FC	NA	2022-09-11T10:00:00Z	Outer periphery	Overcast	KLF	Departure	2m	NA	Look	Reaction	At speaker	POINT	366.16	G:/Individual recognition vids/Blind videos/JI99.MP4	9154	NA	NA
Jurek_FC_13102022_1047	2024-03-01T20:55:15Z	NA	723.36	Media file(s)	player #1:G:/Individual recognition vids/Blind videos/JI99.MP4	723.36	25	Jurek	FC	NA	2022-09-11T10:00:00Z	Outer periphery	Overcast	KLF	Departure	2m	NA	Look	Reaction	Away from speaker	POINT	367.08	G:/Individual recognition vids/Blind videos/JI99.MP4	9177	NA	NA
Jurek_FC_13102022_1047	2024-03-01T20:55:15Z	NA	723.36	Media file(s)	player #1:G:/Individual recognition vids/Blind videos/JI99.MP4	723.36	25	Jurek	FC	NA	2022-09-11T10:00:00Z	Outer periphery	Overcast	KLF	Departure	2m	NA	Look	Reaction	Away from speaker	POINT	367.84	G:/Individual recognition vids/Blind videos/JI99.MP4	9196	NA	NA
Jurek_FC_13102022_1047	2024-03-01T20:55:15Z	NA	723.36	Media file(s)	player #1:G:/Individual recognition vids/Blind videos/JI99.MP4	723.36	25	Jurek	FC	NA	2022-09-11T10:00:00Z	Outer periphery	Overcast	KLF	Departure	2m	NA	Vig	Time budget	Long neck	STOP	368.919	G:/Individual recognition vids/Blind videos/JI99.MP4	NA	NA	NA
Jurek_FC_13102022_1047	2024-03-01T20:55:15Z	NA	723.36	Media file(s)	player #1:G:/Individual recognition vids/Blind videos/JI99.MP4	723.36	25	Jurek	FC	NA	2022-09-11T10:00:00Z	Outer periphery	Overcast	KLF	Departure	2m	NA	Eat	Time budget	With kin	START	368.92	G:/Individual recognition vids/Blind videos/JI99.MP4	9223	NA	NA
Jurek_FC_13102022_1047	2024-03-01T20:55:15Z	NA	723.36	Media file(s)	player #1:G:/Individual recognition vids/Blind videos/JI99.MP4	723.36	25	Jurek	FC	NA	2022-09-11T10:00:00Z	Outer periphery	Overcast	KLF	Departure	2m	NA	Look	Reaction	At speaker	POINT	372.64	G:/Individual recognition vids/Blind videos/JI99.MP4	9316	NA	NA
Jurek_FC_13102022_1047	2024-03-01T20:55:15Z	NA	723.36	Media file(s)	player #1:G:/Individual recognition vids/Blind videos/JI99.MP4	723.36	25	Jurek	FC	NA	2022-09-11T10:00:00Z	Outer periphery	Overcast	KLF	Departure	2m	NA	Look	Reaction	At speaker	POINT	373.36	G:/Individual recognition vids/Blind videos/JI99.MP4	9334	NA	NA
Jurek_FC_13102022_1047	2024-03-01T20:55:15Z	NA	723.36	Media file(s)	player #1:G:/Individual recognition vids/Blind videos/JI99.MP4	723.36	25	Jurek	FC	NA	2022-09-11T10:00:00Z	Outer periphery	Overcast	KLF	Departure	2m	NA	Eat	Time budget	With kin	STOP	373.999	G:/Individual recognition vids/Blind videos/JI99.MP4	NA	NA	NA
Jurek_FC_13102022_1047	2024-03-01T20:55:15Z	NA	723.36	Media file(s)	player #1:G:/Individual recognition vids/Blind videos/JI99.MP4	723.36	25	Jurek	FC	NA	2022-09-11T10:00:00Z	Outer periphery	Overcast	KLF	Departure	2m	NA	Vig	Time budget	Long neck	START	374	G:/Individual recognition vids/Blind videos/JI99.MP4	9350	NA	NA
Jurek_FC_13102022_1047	2024-03-01T20:55:15Z	NA	723.36	Media file(s)	player #1:G:/Individual recognition vids/Blind videos/JI99.MP4	723.36	25	Jurek	FC	NA	2022-09-11T10:00:00Z	Outer periphery	Overcast	KLF	Departure	2m	NA	Look	Reaction	Away from speaker	POINT	375.36	G:/Individual recognition vids/Blind videos/JI99.MP4	9384	NA	NA
Jurek_FC_13102022_1047	2024-03-01T20:55:15Z	NA	723.36	Media file(s)	player #1:G:/Individual recognition vids/Blind videos/JI99.MP4	723.36	25	Jurek	FC	NA	2022-09-11T10:00:00Z	Outer periphery	Overcast	KLF	Departure	2m	NA	Look	Reaction	Away from speaker	POINT	376.64	G:/Individual recognition vids/Blind videos/JI99.MP4	9416	NA	NA
Jurek_FC_13102022_1047	2024-03-01T20:55:15Z	NA	723.36	Media file(s)	player #1:G:/Individual recognition vids/Blind videos/JI99.MP4	723.36	25	Jurek	FC	NA	2022-09-11T10:00:00Z	Outer periphery	Overcast	KLF	Departure	2m	NA	Look	Reaction	Away from speaker	POINT	379.28	G:/Individual recognition vids/Blind videos/JI99.MP4	9482	NA	NA
Jurek_FC_13102022_1047	2024-03-01T20:55:15Z	NA	723.36	Media file(s)	player #1:G:/Individual recognition vids/Blind videos/JI99.MP4	723.36	25	Jurek	FC	NA	2022-09-11T10:00:00Z	Outer periphery	Overcast	KLF	Departure	2m	NA	Look	Reaction	Away from speaker	POINT	380.08	G:/Individual recognition vids/Blind videos/JI99.MP4	9502	NA	NA
Jurek_FC_13102022_1047	2024-03-01T20:55:15Z	NA	723.36	Media file(s)	player #1:G:/Individual recognition vids/Blind videos/JI99.MP4	723.36	25	Jurek	FC	NA	2022-09-11T10:00:00Z	Outer periphery	Overcast	KLF	Departure	2m	NA	Look	Reaction	At speaker	POINT	380.96	G:/Individual recognition vids/Blind videos/JI99.MP4	9524	NA	NA
Jurek_FC_13102022_1047	2024-03-01T20:55:15Z	NA	723.36	Media file(s)	player #1:G:/Individual recognition vids/Blind videos/JI99.MP4	723.36	25	Jurek	FC	NA	2022-09-11T10:00:00Z	Outer periphery	Overcast	KLF	Departure	2m	NA	Look	Reaction	At speaker	POINT	382.24	G:/Individual recognition vids/Blind videos/JI99.MP4	9556	NA	NA
Jurek_FC_13102022_1047	2024-03-01T20:55:15Z	NA	723.36	Media file(s)	player #1:G:/Individual recognition vids/Blind videos/JI99.MP4	723.36	25	Jurek	FC	NA	2022-09-11T10:00:00Z	Outer periphery	Overcast	KLF	Departure	2m	NA	Look	Reaction	At speaker	POINT	383.12	G:/Individual recognition vids/Blind videos/JI99.MP4	9578	NA	NA
Jurek_FC_13102022_1047	2024-03-01T20:55:15Z	NA	723.36	Media file(s)	player #1:G:/Individual recognition vids/Blind videos/JI99.MP4	723.36	25	Jurek	FC	NA	2022-09-11T10:00:00Z	Outer periphery	Overcast	KLF	Departure	2m	NA	Look	Reaction	At speaker	POINT	384.64	G:/Individual recognition vids/Blind videos/JI99.MP4	9616	NA	NA
Jurek_FC_13102022_1047	2024-03-01T20:55:15Z	NA	723.36	Media file(s)	player #1:G:/Individual recognition vids/Blind videos/JI99.MP4	723.36	25	Jurek	FC	NA	2022-09-11T10:00:00Z	Outer periphery	Overcast	KLF	Departure	2m	NA	Look	Reaction	Away from speaker	POINT	386.12	G:/Individual recognition vids/Blind videos/JI99.MP4	9653	NA	NA
Jurek_FC_13102022_1047	2024-03-01T20:55:15Z	NA	723.36	Media file(s)	player #1:G:/Individual recognition vids/Blind videos/JI99.MP4	723.36	25	Jurek	FC	NA	2022-09-11T10:00:00Z	Outer periphery	Overcast	KLF	Departure	2m	NA	Voc	Reaction	Contact	POINT	386.64	G:/Individual recognition vids/Blind videos/JI99.MP4	9666	NA	NA
Jurek_FC_13102022_1047	2024-03-01T20:55:15Z	NA	723.36	Media file(s)	player #1:G:/Individual recognition vids/Blind videos/JI99.MP4	723.36	25	Jurek	FC	NA	2022-09-11T10:00:00Z	Outer periphery	Overcast	KLF	Departure	2m	NA	Look	Reaction	At speaker	POINT	386.88	G:/Individual recognition vids/Blind videos/JI99.MP4	9672	NA	NA
Jurek_FC_13102022_1047	2024-03-01T20:55:15Z	NA	723.36	Media file(s)	player #1:G:/Individual recognition vids/Blind videos/JI99.MP4	723.36	25	Jurek	FC	NA	2022-09-11T10:00:00Z	Outer periphery	Overcast	KLF	Departure	2m	NA	Look	Reaction	Away from speaker	POINT	387.92	G:/Individual recognition vids/Blind videos/JI99.MP4	9698	NA	NA
Jurek_FC_13102022_1047	2024-03-01T20:55:15Z	NA	723.36	Media file(s)	player #1:G:/Individual recognition vids/Blind videos/JI99.MP4	723.36	25	Jurek	FC	NA	2022-09-11T10:00:00Z	Outer periphery	Overcast	KLF	Departure	2m	NA	Mov	Locomotion	Away from speaker	START	389.92	G:/Individual recognition vids/Blind videos/JI99.MP4	9748	NA	NA
Jurek_FC_13102022_1047	2024-03-01T20:55:15Z	NA	723.36	Media file(s)	player #1:G:/Individual recognition vids/Blind videos/JI99.MP4	723.36	25	Jurek	FC	NA	2022-09-11T10:00:00Z	Outer periphery	Overcast	KLF	Departure	2m	NA	Vig	Time budget	Long neck	STOP	393.159	G:/Individual recognition vids/Blind videos/JI99.MP4	NA	NA	NA
Jurek_FC_13102022_1047	2024-03-01T20:55:15Z	NA	723.36	Media file(s)	player #1:G:/Individual recognition vids/Blind videos/JI99.MP4	723.36	25	Jurek	FC	NA	2022-09-11T10:00:00Z	Outer periphery	Overcast	KLF	Departure	2m	NA	Vig	Time budget	Mid neck	START	393.16	G:/Individual recognition vids/Blind videos/JI99.MP4	9829	NA	NA
Jurek_FC_13102022_1047	2024-03-01T20:55:15Z	NA	723.36	Media file(s)	player #1:G:/Individual recognition vids/Blind videos/JI99.MP4	723.36	25	Jurek	FC	NA	2022-09-11T10:00:00Z	Outer periphery	Overcast	KLF	Departure	2m	NA	Dhb	Playback phase	NA	START	393.52	G:/Individual recognition vids/Blind videos/JI99.MP4	9838	NA	NA
Jurek_FC_13102022_1047	2024-03-01T20:55:15Z	NA	723.36	Media file(s)	player #1:G:/Individual recognition vids/Blind videos/JI99.MP4	723.36	25	Jurek	FC	NA	2022-09-11T10:00:00Z	Outer periphery	Overcast	KLF	Departure	2m	NA	Look	Reaction	Away from speaker	POINT	403.36	G:/Individual recognition vids/Blind videos/JI99.MP4	10084	NA	NA
Jurek_FC_13102022_1047	2024-03-01T20:55:15Z	NA	723.36	Media file(s)	player #1:G:/Individual recognition vids/Blind videos/JI99.MP4	723.36	25	Jurek	FC	NA	2022-09-11T10:00:00Z	Outer periphery	Overcast	KLF	Departure	2m	NA	Look	Reaction	At speaker	POINT	404.48	G:/Individual recognition vids/Blind videos/JI99.MP4	10112	NA	NA
Jurek_FC_13102022_1047	2024-03-01T20:55:15Z	NA	723.36	Media file(s)	player #1:G:/Individual recognition vids/Blind videos/JI99.MP4	723.36	25	Jurek	FC	NA	2022-09-11T10:00:00Z	Outer periphery	Overcast	KLF	Departure	2m	NA	Look	Reaction	Away from speaker	POINT	406.72	G:/Individual recognition vids/Blind videos/JI99.MP4	10168	NA	NA
Jurek_FC_13102022_1047	2024-03-01T20:55:15Z	NA	723.36	Media file(s)	player #1:G:/Individual recognition vids/Blind videos/JI99.MP4	723.36	25	Jurek	FC	NA	2022-09-11T10:00:00Z	Outer periphery	Overcast	KLF	Departure	2m	NA	Voc	Reaction	Contact	POINT	408.32	G:/Individual recognition vids/Blind videos/JI99.MP4	10208	NA	NA
Jurek_FC_13102022_1047	2024-03-01T20:55:15Z	NA	723.36	Media file(s)	player #1:G:/Individual recognition vids/Blind videos/JI99.MP4	723.36	25	Jurek	FC	NA	2022-09-11T10:00:00Z	Outer periphery	Overcast	KLF	Departure	2m	NA	Look	Reaction	At speaker	POINT	408.36	G:/Individual recognition vids/Blind videos/JI99.MP4	10209	NA	NA
Jurek_FC_13102022_1047	2024-03-01T20:55:15Z	NA	723.36	Media file(s)	player #1:G:/Individual recognition vids/Blind videos/JI99.MP4	723.36	25	Jurek	FC	NA	2022-09-11T10:00:00Z	Outer periphery	Overcast	KLF	Departure	2m	NA	Look	Reaction	Away from speaker	POINT	409.64	G:/Individual recognition vids/Blind videos/JI99.MP4	10241	NA	NA
Jurek_FC_13102022_1047	2024-03-01T20:55:15Z	NA	723.36	Media file(s)	player #1:G:/Individual recognition vids/Blind videos/JI99.MP4	723.36	25	Jurek	FC	NA	2022-09-11T10:00:00Z	Outer periphery	Overcast	KLF	Departure	2m	NA	Voc	Reaction	Contact	POINT	418.6	G:/Individual recognition vids/Blind videos/JI99.MP4	10465	NA	NA
Jurek_FC_13102022_1047	2024-03-01T20:55:15Z	NA	723.36	Media file(s)	player #1:G:/Individual recognition vids/Blind videos/JI99.MP4	723.36	25	Jurek	FC	NA	2022-09-11T10:00:00Z	Outer periphery	Overcast	KLF	Departure	2m	NA	Vig	Time budget	Mid neck	STOP	419.24	G:/Individual recognition vids/Blind videos/JI99.MP4	10481	NA	NA
Jurek_FC_13102022_1047	2024-03-01T20:55:15Z	NA	723.36	Media file(s)	player #1:G:/Individual recognition vids/Blind videos/JI99.MP4	723.36	25	Jurek	FC	NA	2022-09-11T10:00:00Z	Outer periphery	Overcast	KLF	Departure	2m	NA	Look	Reaction	Away from speaker	POINT	421.96	G:/Individual recognition vids/Blind videos/JI99.MP4	10549	NA	NA
Jurek_FC_13102022_1047	2024-03-01T20:55:15Z	NA	723.36	Media file(s)	player #1:G:/Individual recognition vids/Blind videos/JI99.MP4	723.36	25	Jurek	FC	NA	2022-09-11T10:00:00Z	Outer periphery	Overcast	KLF	Departure	2m	NA	Look	Reaction	Away from speaker	POINT	432.04	G:/Individual recognition vids/Blind videos/JI99.MP4	10801	NA	NA
Jurek_FC_13102022_1047	2024-03-01T20:55:15Z	NA	723.36	Media file(s)	player #1:G:/Individual recognition vids/Blind videos/JI99.MP4	723.36	25	Jurek	FC	NA	2022-09-11T10:00:00Z	Outer periphery	Overcast	KLF	Departure	2m	NA	Look	Reaction	Away from speaker	POINT	432.88	G:/Individual recognition vids/Blind videos/JI99.MP4	10822	NA	NA
Jurek_FC_13102022_1047	2024-03-01T20:55:15Z	NA	723.36	Media file(s)	player #1:G:/Individual recognition vids/Blind videos/JI99.MP4	723.36	25	Jurek	FC	NA	2022-09-11T10:00:00Z	Outer periphery	Overcast	KLF	Departure	2m	NA	Vig	Time budget	Mid neck	START	434	G:/Individual recognition vids/Blind videos/JI99.MP4	10850	NA	NA
Jurek_FC_13102022_1047	2024-03-01T20:55:15Z	NA	723.36	Media file(s)	player #1:G:/Individual recognition vids/Blind videos/JI99.MP4	723.36	25	Jurek	FC	NA	2022-09-11T10:00:00Z	Outer periphery	Overcast	KLF	Departure	2m	NA	Look	Reaction	Away from speaker	POINT	434.68	G:/Individual recognition vids/Blind videos/JI99.MP4	10867	NA	NA
Jurek_FC_13102022_1047	2024-03-01T20:55:15Z	NA	723.36	Media file(s)	player #1:G:/Individual recognition vids/Blind videos/JI99.MP4	723.36	25	Jurek	FC	NA	2022-09-11T10:00:00Z	Outer periphery	Overcast	KLF	Departure	2m	NA	Voc	Reaction	Contact	POINT	435.48	G:/Individual recognition vids/Blind videos/JI99.MP4	10887	NA	NA
Jurek_FC_13102022_1047	2024-03-01T20:55:15Z	NA	723.36	Media file(s)	player #1:G:/Individual recognition vids/Blind videos/JI99.MP4	723.36	25	Jurek	FC	NA	2022-09-11T10:00:00Z	Outer periphery	Overcast	KLF	Departure	2m	NA	Fllw	Interaction	Kin	POINT	443.08	G:/Individual recognition vids/Blind videos/JI99.MP4	11077	NA	NA
Jurek_FC_13102022_1047	2024-03-01T20:55:15Z	NA	723.36	Media file(s)	player #1:G:/Individual recognition vids/Blind videos/JI99.MP4	723.36	25	Jurek	FC	NA	2022-09-11T10:00:00Z	Outer periphery	Overcast	KLF	Departure	2m	NA	Look	Reaction	Away from speaker	POINT	447.08	G:/Individual recognition vids/Blind videos/JI99.MP4	11177	NA	NA
Jurek_FC_13102022_1047	2024-03-01T20:55:15Z	NA	723.36	Media file(s)	player #1:G:/Individual recognition vids/Blind videos/JI99.MP4	723.36	25	Jurek	FC	NA	2022-09-11T10:00:00Z	Outer periphery	Overcast	KLF	Departure	2m	NA	Look	Reaction	Away from speaker	POINT	453.04	G:/Individual recognition vids/Blind videos/JI99.MP4	11326	NA	NA
Jurek_FC_13102022_1047	2024-03-01T20:55:15Z	NA	723.36	Media file(s)	player #1:G:/Individual recognition vids/Blind videos/JI99.MP4	723.36	25	Jurek	FC	NA	2022-09-11T10:00:00Z	Outer periphery	Overcast	KLF	Departure	2m	NA	Voc	Reaction	Contact	POINT	453.12	G:/Individual recognition vids/Blind videos/JI99.MP4	11328	NA	Mate vcoalising
Jurek_FC_13102022_1047	2024-03-01T20:55:15Z	NA	723.36	Media file(s)	player #1:G:/Individual recognition vids/Blind videos/JI99.MP4	723.36	25	Jurek	FC	NA	2022-09-11T10:00:00Z	Outer periphery	Overcast	KLF	Departure	2m	NA	Look	Reaction	Away from speaker	POINT	454.16	G:/Individual recognition vids/Blind videos/JI99.MP4	11354	NA	NA
Jurek_FC_13102022_1047	2024-03-01T20:55:15Z	NA	723.36	Media file(s)	player #1:G:/Individual recognition vids/Blind videos/JI99.MP4	723.36	25	Jurek	FC	NA	2022-09-11T10:00:00Z	Outer periphery	Overcast	KLF	Departure	2m	NA	Look	Reaction	Away from speaker	POINT	455.12	G:/Individual recognition vids/Blind videos/JI99.MP4	11378	NA	NA
Jurek_FC_13102022_1047	2024-03-01T20:55:15Z	NA	723.36	Media file(s)	player #1:G:/Individual recognition vids/Blind videos/JI99.MP4	723.36	25	Jurek	FC	NA	2022-09-11T10:00:00Z	Outer periphery	Overcast	KLF	Departure	2m	NA	Look	Reaction	At speaker	POINT	456.88	G:/Individual recognition vids/Blind videos/JI99.MP4	11422	NA	NA
Jurek_FC_13102022_1047	2024-03-01T20:55:15Z	NA	723.36	Media file(s)	player #1:G:/Individual recognition vids/Blind videos/JI99.MP4	723.36	25	Jurek	FC	NA	2022-09-11T10:00:00Z	Outer periphery	Overcast	KLF	Departure	2m	NA	Look	Reaction	At speaker	POINT	457.92	G:/Individual recognition vids/Blind videos/JI99.MP4	11448	NA	NA
Jurek_FC_13102022_1047	2024-03-01T20:55:15Z	NA	723.36	Media file(s)	player #1:G:/Individual recognition vids/Blind videos/JI99.MP4	723.36	25	Jurek	FC	NA	2022-09-11T10:00:00Z	Outer periphery	Overcast	KLF	Departure	2m	NA	Voc	Reaction	Contact	POINT	461.76	G:/Individual recognition vids/Blind videos/JI99.MP4	11544	NA	NA
Jurek_FC_13102022_1047	2024-03-01T20:55:15Z	NA	723.36	Media file(s)	player #1:G:/Individual recognition vids/Blind videos/JI99.MP4	723.36	25	Jurek	FC	NA	2022-09-11T10:00:00Z	Outer periphery	Overcast	KLF	Departure	2m	NA	Look	Reaction	Away from speaker	POINT	471.16	G:/Individual recognition vids/Blind videos/JI99.MP4	11779	NA	NA
Jurek_FC_13102022_1047	2024-03-01T20:55:15Z	NA	723.36	Media file(s)	player #1:G:/Individual recognition vids/Blind videos/JI99.MP4	723.36	25	Jurek	FC	NA	2022-09-11T10:00:00Z	Outer periphery	Overcast	KLF	Departure	2m	NA	Voc	Reaction	Contact	POINT	471.44	G:/Individual recognition vids/Blind videos/JI99.MP4	11786	NA	Mate vcoalising
Jurek_FC_13102022_1047	2024-03-01T20:55:15Z	NA	723.36	Media file(s)	player #1:G:/Individual recognition vids/Blind videos/JI99.MP4	723.36	25	Jurek	FC	NA	2022-09-11T10:00:00Z	Outer periphery	Overcast	KLF	Departure	2m	NA	Fllw	Interaction	Kin	POINT	475	G:/Individual recognition vids/Blind videos/JI99.MP4	11875	NA	NA
Jurek_FC_13102022_1047	2024-03-01T20:55:15Z	NA	723.36	Media file(s)	player #1:G:/Individual recognition vids/Blind videos/JI99.MP4	723.36	25	Jurek	FC	NA	2022-09-11T10:00:00Z	Outer periphery	Overcast	KLF	Departure	2m	NA	Look	Reaction	Away from speaker	POINT	477.52	G:/Individual recognition vids/Blind videos/JI99.MP4	11938	NA	NA
Jurek_FC_13102022_1047	2024-03-01T20:55:15Z	NA	723.36	Media file(s)	player #1:G:/Individual recognition vids/Blind videos/JI99.MP4	723.36	25	Jurek	FC	NA	2022-09-11T10:00:00Z	Outer periphery	Overcast	KLF	Departure	2m	NA	Look	Reaction	Away from speaker	POINT	482.68	G:/Individual recognition vids/Blind videos/JI99.MP4	12067	NA	NA
Jurek_FC_13102022_1047	2024-03-01T20:55:15Z	NA	723.36	Media file(s)	player #1:G:/Individual recognition vids/Blind videos/JI99.MP4	723.36	25	Jurek	FC	NA	2022-09-11T10:00:00Z	Outer periphery	Overcast	KLF	Departure	2m	NA	Look	Reaction	Away from speaker	POINT	483.88	G:/Individual recognition vids/Blind videos/JI99.MP4	12097	NA	NA
Jurek_FC_13102022_1047	2024-03-01T20:55:15Z	NA	723.36	Media file(s)	player #1:G:/Individual recognition vids/Blind videos/JI99.MP4	723.36	25	Jurek	FC	NA	2022-09-11T10:00:00Z	Outer periphery	Overcast	KLF	Departure	2m	NA	Look	Reaction	Away from speaker	POINT	486.32	G:/Individual recognition vids/Blind videos/JI99.MP4	12158	NA	NA
Jurek_FC_13102022_1047	2024-03-01T20:55:15Z	NA	723.36	Media file(s)	player #1:G:/Individual recognition vids/Blind videos/JI99.MP4	723.36	25	Jurek	FC	NA	2022-09-11T10:00:00Z	Outer periphery	Overcast	KLF	Departure	2m	NA	Look	Reaction	Away from speaker	POINT	487.88	G:/Individual recognition vids/Blind videos/JI99.MP4	12197	NA	NA
Jurek_FC_13102022_1047	2024-03-01T20:55:15Z	NA	723.36	Media file(s)	player #1:G:/Individual recognition vids/Blind videos/JI99.MP4	723.36	25	Jurek	FC	NA	2022-09-11T10:00:00Z	Outer periphery	Overcast	KLF	Departure	2m	NA	FVO	Reaction	Distance	POINT	489.76	G:/Individual recognition vids/Blind videos/JI99.MP4	12244	NA	NA
Jurek_FC_13102022_1047	2024-03-01T20:55:15Z	NA	723.36	Media file(s)	player #1:G:/Individual recognition vids/Blind videos/JI99.MP4	723.36	25	Jurek	FC	NA	2022-09-11T10:00:00Z	Outer periphery	Overcast	KLF	Departure	2m	NA	Look	Reaction	Away from speaker	POINT	490.48	G:/Individual recognition vids/Blind videos/JI99.MP4	12262	NA	NA
Jurek_FC_13102022_1047	2024-03-01T20:55:15Z	NA	723.36	Media file(s)	player #1:G:/Individual recognition vids/Blind videos/JI99.MP4	723.36	25	Jurek	FC	NA	2022-09-11T10:00:00Z	Outer periphery	Overcast	KLF	Departure	2m	NA	Look	Reaction	Away from speaker	POINT	493.24	G:/Individual recognition vids/Blind videos/JI99.MP4	12331	NA	NA
Jurek_FC_13102022_1047	2024-03-01T20:55:15Z	NA	723.36	Media file(s)	player #1:G:/Individual recognition vids/Blind videos/JI99.MP4	723.36	25	Jurek	FC	NA	2022-09-11T10:00:00Z	Outer periphery	Overcast	KLF	Departure	2m	NA	Agn	Interaction	Towards other	POINT	497.2	G:/Individual recognition vids/Blind videos/JI99.MP4	12430	NA	NA
Jurek_FC_13102022_1047	2024-03-01T20:55:15Z	NA	723.36	Media file(s)	player #1:G:/Individual recognition vids/Blind videos/JI99.MP4	723.36	25	Jurek	FC	NA	2022-09-11T10:00:00Z	Outer periphery	Overcast	KLF	Departure	2m	NA	Look	Reaction	Away from speaker	POINT	498.48	G:/Individual recognition vids/Blind videos/JI99.MP4	12462	NA	NA
Jurek_FC_13102022_1047	2024-03-01T20:55:15Z	NA	723.36	Media file(s)	player #1:G:/Individual recognition vids/Blind videos/JI99.MP4	723.36	25	Jurek	FC	NA	2022-09-11T10:00:00Z	Outer periphery	Overcast	KLF	Departure	2m	NA	Agn	Interaction	Towards other	POINT	499.44	G:/Individual recognition vids/Blind videos/JI99.MP4	12486	NA	NA
Jurek_FC_13102022_1047	2024-03-01T20:55:15Z	NA	723.36	Media file(s)	player #1:G:/Individual recognition vids/Blind videos/JI99.MP4	723.36	25	Jurek	FC	NA	2022-09-11T10:00:00Z	Outer periphery	Overcast	KLF	Departure	2m	NA	Look	Reaction	Away from speaker	POINT	501.32	G:/Individual recognition vids/Blind videos/JI99.MP4	12533	NA	NA
Jurek_FC_13102022_1047	2024-03-01T20:55:15Z	NA	723.36	Media file(s)	player #1:G:/Individual recognition vids/Blind videos/JI99.MP4	723.36	25	Jurek	FC	NA	2022-09-11T10:00:00Z	Outer periphery	Overcast	KLF	Departure	2m	NA	Vig	Time budget	Mid neck	STOP	504.16	G:/Individual recognition vids/Blind videos/JI99.MP4	12604	NA	NA
Jurek_FC_13102022_1047	2024-03-01T20:55:15Z	NA	723.36	Media file(s)	player #1:G:/Individual recognition vids/Blind videos/JI99.MP4	723.36	25	Jurek	FC	NA	2022-09-11T10:00:00Z	Outer periphery	Overcast	KLF	Departure	2m	NA	HSH	Reaction	NA	POINT	508.32	G:/Individual recognition vids/Blind videos/JI99.MP4	12708	NA	NA
Jurek_FC_13102022_1047	2024-03-01T20:55:15Z	NA	723.36	Media file(s)	player #1:G:/Individual recognition vids/Blind videos/JI99.MP4	723.36	25	Jurek	FC	NA	2022-09-11T10:00:00Z	Outer periphery	Overcast	KLF	Departure	2m	NA	Look	Reaction	At speaker	POINT	509.16	G:/Individual recognition vids/Blind videos/JI99.MP4	12729	NA	NA
Jurek_FC_13102022_1047	2024-03-01T20:55:15Z	NA	723.36	Media file(s)	player #1:G:/Individual recognition vids/Blind videos/JI99.MP4	723.36	25	Jurek	FC	NA	2022-09-11T10:00:00Z	Outer periphery	Overcast	KLF	Departure	2m	NA	Look	Reaction	Away from speaker	POINT	510.68	G:/Individual recognition vids/Blind videos/JI99.MP4	12767	NA	NA
Jurek_FC_13102022_1047	2024-03-01T20:55:15Z	NA	723.36	Media file(s)	player #1:G:/Individual recognition vids/Blind videos/JI99.MP4	723.36	25	Jurek	FC	NA	2022-09-11T10:00:00Z	Outer periphery	Overcast	KLF	Departure	2m	NA	Agn	Interaction	Towards other	POINT	514.16	G:/Individual recognition vids/Blind videos/JI99.MP4	12854	NA	NA
Jurek_FC_13102022_1047	2024-03-01T20:55:15Z	NA	723.36	Media file(s)	player #1:G:/Individual recognition vids/Blind videos/JI99.MP4	723.36	25	Jurek	FC	NA	2022-09-11T10:00:00Z	Outer periphery	Overcast	KLF	Departure	2m	NA	Look	Reaction	Away from speaker	POINT	515.52	G:/Individual recognition vids/Blind videos/JI99.MP4	12888	NA	NA
Jurek_FC_13102022_1047	2024-03-01T20:55:15Z	NA	723.36	Media file(s)	player #1:G:/Individual recognition vids/Blind videos/JI99.MP4	723.36	25	Jurek	FC	NA	2022-09-11T10:00:00Z	Outer periphery	Overcast	KLF	Departure	2m	NA	Vig	Time budget	Mid neck	START	516.68	G:/Individual recognition vids/Blind videos/JI99.MP4	12917	NA	NA
Jurek_FC_13102022_1047	2024-03-01T20:55:15Z	NA	723.36	Media file(s)	player #1:G:/Individual recognition vids/Blind videos/JI99.MP4	723.36	25	Jurek	FC	NA	2022-09-11T10:00:00Z	Outer periphery	Overcast	KLF	Departure	2m	NA	Look	Reaction	Away from speaker	POINT	518.48	G:/Individual recognition vids/Blind videos/JI99.MP4	12962	NA	NA
Jurek_FC_13102022_1047	2024-03-01T20:55:15Z	NA	723.36	Media file(s)	player #1:G:/Individual recognition vids/Blind videos/JI99.MP4	723.36	25	Jurek	FC	NA	2022-09-11T10:00:00Z	Outer periphery	Overcast	KLF	Departure	2m	NA	Look	Reaction	At speaker	POINT	521.48	G:/Individual recognition vids/Blind videos/JI99.MP4	13037	NA	NA
Jurek_FC_13102022_1047	2024-03-01T20:55:15Z	NA	723.36	Media file(s)	player #1:G:/Individual recognition vids/Blind videos/JI99.MP4	723.36	25	Jurek	FC	NA	2022-09-11T10:00:00Z	Outer periphery	Overcast	KLF	Departure	2m	NA	HSH	Reaction	NA	POINT	523.76	G:/Individual recognition vids/Blind videos/JI99.MP4	13094	NA	NA
Jurek_FC_13102022_1047	2024-03-01T20:55:15Z	NA	723.36	Media file(s)	player #1:G:/Individual recognition vids/Blind videos/JI99.MP4	723.36	25	Jurek	FC	NA	2022-09-11T10:00:00Z	Outer periphery	Overcast	KLF	Departure	2m	NA	Mov	Locomotion	Away from speaker	STOP	524.439	G:/Individual recognition vids/Blind videos/JI99.MP4	NA	NA	NA
Jurek_FC_13102022_1047	2024-03-01T20:55:15Z	NA	723.36	Media file(s)	player #1:G:/Individual recognition vids/Blind videos/JI99.MP4	723.36	25	Jurek	FC	NA	2022-09-11T10:00:00Z	Outer periphery	Overcast	KLF	Departure	2m	NA	Vig	Time budget	Mid neck	STOP	524.439	G:/Individual recognition vids/Blind videos/JI99.MP4	NA	NA	NA
Jurek_FC_13102022_1047	2024-03-01T20:55:15Z	NA	723.36	Media file(s)	player #1:G:/Individual recognition vids/Blind videos/JI99.MP4	723.36	25	Jurek	FC	NA	2022-09-11T10:00:00Z	Outer periphery	Overcast	KLF	Departure	2m	NA	Pre	Time budget	With kin	START	524.44	G:/Individual recognition vids/Blind videos/JI99.MP4	13112	NA	NA
Jurek_FC_13102022_1047	2024-03-01T20:55:15Z	NA	723.36	Media file(s)	player #1:G:/Individual recognition vids/Blind videos/JI99.MP4	723.36	25	Jurek	FC	NA	2022-09-11T10:00:00Z	Outer periphery	Overcast	KLF	Departure	2m	NA	HSH	Reaction	NA	POINT	528.28	G:/Individual recognition vids/Blind videos/JI99.MP4	13207	NA	NA
Jurek_FC_13102022_1047	2024-03-01T20:55:15Z	NA	723.36	Media file(s)	player #1:G:/Individual recognition vids/Blind videos/JI99.MP4	723.36	25	Jurek	FC	NA	2022-09-11T10:00:00Z	Outer periphery	Overcast	KLF	Departure	2m	NA	Look	Reaction	At speaker	POINT	528.64	G:/Individual recognition vids/Blind videos/JI99.MP4	13216	NA	NA
Jurek_FC_13102022_1047	2024-03-01T20:55:15Z	NA	723.36	Media file(s)	player #1:G:/Individual recognition vids/Blind videos/JI99.MP4	723.36	25	Jurek	FC	NA	2022-09-11T10:00:00Z	Outer periphery	Overcast	KLF	Departure	2m	NA	Pre	Time budget	With kin	STOP	529.319	G:/Individual recognition vids/Blind videos/JI99.MP4	NA	NA	NA
Jurek_FC_13102022_1047	2024-03-01T20:55:15Z	NA	723.36	Media file(s)	player #1:G:/Individual recognition vids/Blind videos/JI99.MP4	723.36	25	Jurek	FC	NA	2022-09-11T10:00:00Z	Outer periphery	Overcast	KLF	Departure	2m	NA	Vig	Time budget	Mid neck	START	529.32	G:/Individual recognition vids/Blind videos/JI99.MP4	13233	NA	NA
Jurek_FC_13102022_1047	2024-03-01T20:55:15Z	NA	723.36	Media file(s)	player #1:G:/Individual recognition vids/Blind videos/JI99.MP4	723.36	25	Jurek	FC	NA	2022-09-11T10:00:00Z	Outer periphery	Overcast	KLF	Departure	2m	NA	HSH	Reaction	NA	POINT	532.2	G:/Individual recognition vids/Blind videos/JI99.MP4	13305	NA	NA
Jurek_FC_13102022_1047	2024-03-01T20:55:15Z	NA	723.36	Media file(s)	player #1:G:/Individual recognition vids/Blind videos/JI99.MP4	723.36	25	Jurek	FC	NA	2022-09-11T10:00:00Z	Outer periphery	Overcast	KLF	Departure	2m	NA	Look	Reaction	At speaker	POINT	533.12	G:/Individual recognition vids/Blind videos/JI99.MP4	13328	NA	NA
Jurek_FC_13102022_1047	2024-03-01T20:55:15Z	NA	723.36	Media file(s)	player #1:G:/Individual recognition vids/Blind videos/JI99.MP4	723.36	25	Jurek	FC	NA	2022-09-11T10:00:00Z	Outer periphery	Overcast	KLF	Departure	2m	NA	Look	Reaction	At speaker	POINT	535.52	G:/Individual recognition vids/Blind videos/JI99.MP4	13388	NA	NA
Jurek_FC_13102022_1047	2024-03-01T20:55:15Z	NA	723.36	Media file(s)	player #1:G:/Individual recognition vids/Blind videos/JI99.MP4	723.36	25	Jurek	FC	NA	2022-09-11T10:00:00Z	Outer periphery	Overcast	KLF	Departure	2m	NA	Look	Reaction	At speaker	POINT	536.28	G:/Individual recognition vids/Blind videos/JI99.MP4	13407	NA	NA
Jurek_FC_13102022_1047	2024-03-01T20:55:15Z	NA	723.36	Media file(s)	player #1:G:/Individual recognition vids/Blind videos/JI99.MP4	723.36	25	Jurek	FC	NA	2022-09-11T10:00:00Z	Outer periphery	Overcast	KLF	Departure	2m	NA	Look	Reaction	At speaker	POINT	539.12	G:/Individual recognition vids/Blind videos/JI99.MP4	13478	NA	NA
Jurek_FC_13102022_1047	2024-03-01T20:55:15Z	NA	723.36	Media file(s)	player #1:G:/Individual recognition vids/Blind videos/JI99.MP4	723.36	25	Jurek	FC	NA	2022-09-11T10:00:00Z	Outer periphery	Overcast	KLF	Departure	2m	NA	Look	Reaction	At speaker	POINT	540.16	G:/Individual recognition vids/Blind videos/JI99.MP4	13504	NA	NA
Jurek_FC_13102022_1047	2024-03-01T20:55:15Z	NA	723.36	Media file(s)	player #1:G:/Individual recognition vids/Blind videos/JI99.MP4	723.36	25	Jurek	FC	NA	2022-09-11T10:00:00Z	Outer periphery	Overcast	KLF	Departure	2m	NA	Vig	Time budget	Mid neck	STOP	541.759	G:/Individual recognition vids/Blind videos/JI99.MP4	NA	NA	NA
Jurek_FC_13102022_1047	2024-03-01T20:55:15Z	NA	723.36	Media file(s)	player #1:G:/Individual recognition vids/Blind videos/JI99.MP4	723.36	25	Jurek	FC	NA	2022-09-11T10:00:00Z	Outer periphery	Overcast	KLF	Departure	2m	NA	Pre	Time budget	With kin	START	541.76	G:/Individual recognition vids/Blind videos/JI99.MP4	13544	NA	NA
Jurek_FC_13102022_1047	2024-03-01T20:55:15Z	NA	723.36	Media file(s)	player #1:G:/Individual recognition vids/Blind videos/JI99.MP4	723.36	25	Jurek	FC	NA	2022-09-11T10:00:00Z	Outer periphery	Overcast	KLF	Departure	2m	NA	Look	Reaction	At speaker	POINT	547.72	G:/Individual recognition vids/Blind videos/JI99.MP4	13693	NA	NA
Jurek_FC_13102022_1047	2024-03-01T20:55:15Z	NA	723.36	Media file(s)	player #1:G:/Individual recognition vids/Blind videos/JI99.MP4	723.36	25	Jurek	FC	NA	2022-09-11T10:00:00Z	Outer periphery	Overcast	KLF	Departure	2m	NA	HSH	Reaction	NA	POINT	555.76	G:/Individual recognition vids/Blind videos/JI99.MP4	13894	NA	NA
Jurek_FC_13102022_1047	2024-03-01T20:55:15Z	NA	723.36	Media file(s)	player #1:G:/Individual recognition vids/Blind videos/JI99.MP4	723.36	25	Jurek	FC	NA	2022-09-11T10:00:00Z	Outer periphery	Overcast	KLF	Departure	2m	NA	Look	Reaction	At speaker	POINT	556.24	G:/Individual recognition vids/Blind videos/JI99.MP4	13906	NA	NA
Jurek_FC_13102022_1047	2024-03-01T20:55:15Z	NA	723.36	Media file(s)	player #1:G:/Individual recognition vids/Blind videos/JI99.MP4	723.36	25	Jurek	FC	NA	2022-09-11T10:00:00Z	Outer periphery	Overcast	KLF	Departure	2m	NA	HSH	Reaction	NA	POINT	561.28	G:/Individual recognition vids/Blind videos/JI99.MP4	14032	NA	NA
Jurek_FC_13102022_1047	2024-03-01T20:55:15Z	NA	723.36	Media file(s)	player #1:G:/Individual recognition vids/Blind videos/JI99.MP4	723.36	25	Jurek	FC	NA	2022-09-11T10:00:00Z	Outer periphery	Overcast	KLF	Departure	2m	NA	Look	Reaction	At speaker	POINT	561.64	G:/Individual recognition vids/Blind videos/JI99.MP4	14041	NA	NA
Jurek_FC_13102022_1047	2024-03-01T20:55:15Z	NA	723.36	Media file(s)	player #1:G:/Individual recognition vids/Blind videos/JI99.MP4	723.36	25	Jurek	FC	NA	2022-09-11T10:00:00Z	Outer periphery	Overcast	KLF	Departure	2m	NA	Look	Reaction	At speaker	POINT	568	G:/Individual recognition vids/Blind videos/JI99.MP4	14200	NA	NA
Jurek_FC_13102022_1047	2024-03-01T20:55:15Z	NA	723.36	Media file(s)	player #1:G:/Individual recognition vids/Blind videos/JI99.MP4	723.36	25	Jurek	FC	NA	2022-09-11T10:00:00Z	Outer periphery	Overcast	KLF	Departure	2m	NA	HSH	Reaction	NA	POINT	583.12	G:/Individual recognition vids/Blind videos/JI99.MP4	14578	NA	NA
Jurek_FC_13102022_1047	2024-03-01T20:55:15Z	NA	723.36	Media file(s)	player #1:G:/Individual recognition vids/Blind videos/JI99.MP4	723.36	25	Jurek	FC	NA	2022-09-11T10:00:00Z	Outer periphery	Overcast	KLF	Departure	2m	NA	HSH	Reaction	NA	POINT	588.64	G:/Individual recognition vids/Blind videos/JI99.MP4	14716	NA	NA
Jurek_FC_13102022_1047	2024-03-01T20:55:15Z	NA	723.36	Media file(s)	player #1:G:/Individual recognition vids/Blind videos/JI99.MP4	723.36	25	Jurek	FC	NA	2022-09-11T10:00:00Z	Outer periphery	Overcast	KLF	Departure	2m	NA	HSH	Reaction	NA	POINT	594.32	G:/Individual recognition vids/Blind videos/JI99.MP4	14858	NA	NA
Jurek_FC_13102022_1047	2024-03-01T20:55:15Z	NA	723.36	Media file(s)	player #1:G:/Individual recognition vids/Blind videos/JI99.MP4	723.36	25	Jurek	FC	NA	2022-09-11T10:00:00Z	Outer periphery	Overcast	KLF	Departure	2m	NA	Look	Reaction	At speaker	POINT	594.88	G:/Individual recognition vids/Blind videos/JI99.MP4	14873	NA	NA
Jurek_FC_13102022_1047	2024-03-01T20:55:15Z	NA	723.36	Media file(s)	player #1:G:/Individual recognition vids/Blind videos/JI99.MP4	723.36	25	Jurek	FC	NA	2022-09-11T10:00:00Z	Outer periphery	Overcast	KLF	Departure	2m	NA	Pre	Time budget	With kin	STOP	595.679	G:/Individual recognition vids/Blind videos/JI99.MP4	NA	NA	NA
Jurek_FC_13102022_1047	2024-03-01T20:55:15Z	NA	723.36	Media file(s)	player #1:G:/Individual recognition vids/Blind videos/JI99.MP4	723.36	25	Jurek	FC	NA	2022-09-11T10:00:00Z	Outer periphery	Overcast	KLF	Departure	2m	NA	Vig	Time budget	Mid neck	START	595.68	G:/Individual recognition vids/Blind videos/JI99.MP4	14892	NA	NA
Jurek_FC_13102022_1047	2024-03-01T20:55:15Z	NA	723.36	Media file(s)	player #1:G:/Individual recognition vids/Blind videos/JI99.MP4	723.36	25	Jurek	FC	NA	2022-09-11T10:00:00Z	Outer periphery	Overcast	KLF	Departure	2m	NA	Look	Reaction	Away from speaker	POINT	596.64	G:/Individual recognition vids/Blind videos/JI99.MP4	14916	NA	NA
Jurek_FC_13102022_1047	2024-03-01T20:55:15Z	NA	723.36	Media file(s)	player #1:G:/Individual recognition vids/Blind videos/JI99.MP4	723.36	25	Jurek	FC	NA	2022-09-11T10:00:00Z	Outer periphery	Overcast	KLF	Departure	2m	NA	Vig	Time budget	Mid neck	STOP	598.719	G:/Individual recognition vids/Blind videos/JI99.MP4	NA	NA	NA
Jurek_FC_13102022_1047	2024-03-01T20:55:15Z	NA	723.36	Media file(s)	player #1:G:/Individual recognition vids/Blind videos/JI99.MP4	723.36	25	Jurek	FC	NA	2022-09-11T10:00:00Z	Outer periphery	Overcast	KLF	Departure	2m	NA	Pre	Time budget	With kin	START	598.72	G:/Individual recognition vids/Blind videos/JI99.MP4	14968	NA	NA
Jurek_FC_13102022_1047	2024-03-01T20:55:15Z	NA	723.36	Media file(s)	player #1:G:/Individual recognition vids/Blind videos/JI99.MP4	723.36	25	Jurek	FC	NA	2022-09-11T10:00:00Z	Outer periphery	Overcast	KLF	Departure	2m	NA	Look	Reaction	At speaker	POINT	602.92	G:/Individual recognition vids/Blind videos/JI99.MP4	15073	NA	NA
Jurek_FC_13102022_1047	2024-03-01T20:55:15Z	NA	723.36	Media file(s)	player #1:G:/Individual recognition vids/Blind videos/JI99.MP4	723.36	25	Jurek	FC	NA	2022-09-11T10:00:00Z	Outer periphery	Overcast	KLF	Departure	2m	NA	Look	Reaction	At speaker	POINT	615.6	G:/Individual recognition vids/Blind videos/JI99.MP4	15390	NA	NA
Jurek_FC_13102022_1047	2024-03-01T20:55:15Z	NA	723.36	Media file(s)	player #1:G:/Individual recognition vids/Blind videos/JI99.MP4	723.36	25	Jurek	FC	NA	2022-09-11T10:00:00Z	Outer periphery	Overcast	KLF	Departure	2m	NA	HSH	Reaction	NA	POINT	623	G:/Individual recognition vids/Blind videos/JI99.MP4	15575	NA	NA
Jurek_FC_13102022_1047	2024-03-01T20:55:15Z	NA	723.36	Media file(s)	player #1:G:/Individual recognition vids/Blind videos/JI99.MP4	723.36	25	Jurek	FC	NA	2022-09-11T10:00:00Z	Outer periphery	Overcast	KLF	Departure	2m	NA	Look	Reaction	At speaker	POINT	623.52	G:/Individual recognition vids/Blind videos/JI99.MP4	15588	NA	NA
Jurek_FC_13102022_1047	2024-03-01T20:55:15Z	NA	723.36	Media file(s)	player #1:G:/Individual recognition vids/Blind videos/JI99.MP4	723.36	25	Jurek	FC	NA	2022-09-11T10:00:00Z	Outer periphery	Overcast	KLF	Departure	2m	NA	Dhb	Playback phase	NA	STOP	638	G:/Individual recognition vids/Blind videos/JI99.MP4	15950	NA	NA
Jurek_FC_13102022_1047	2024-03-01T20:55:15Z	NA	723.36	Media file(s)	player #1:G:/Individual recognition vids/Blind videos/JI99.MP4	723.36	25	Jurek	FC	NA	2022-09-11T10:00:00Z	Outer periphery	Overcast	KLF	Departure	2m	NA	Look	Reaction	At speaker	POINT	638.4	G:/Individual recognition vids/Blind videos/JI99.MP4	15960	NA	NA
Jurek_FC_13102022_1047	2024-03-01T20:55:15Z	NA	723.36	Media file(s)	player #1:G:/Individual recognition vids/Blind videos/JI99.MP4	723.36	25	Jurek	FC	NA	2022-09-11T10:00:00Z	Outer periphery	Overcast	KLF	Departure	2m	NA	HSH	Reaction	NA	POINT	671.6	G:/Individual recognition vids/Blind videos/JI99.MP4	16790	NA	NA
Jurek_FC_13102022_1047	2024-03-01T20:55:15Z	NA	723.36	Media file(s)	player #1:G:/Individual recognition vids/Blind videos/JI99.MP4	723.36	25	Jurek	FC	NA	2022-09-11T10:00:00Z	Outer periphery	Overcast	KLF	Departure	2m	NA	Look	Reaction	At speaker	POINT	672.52	G:/Individual recognition vids/Blind videos/JI99.MP4	16813	NA	NA
Jurek_FC_13102022_1047	2024-03-01T20:55:15Z	NA	723.36	Media file(s)	player #1:G:/Individual recognition vids/Blind videos/JI99.MP4	723.36	25	Jurek	FC	NA	2022-09-11T10:00:00Z	Outer periphery	Overcast	KLF	Departure	2m	NA	Look	Reaction	At speaker	POINT	673.48	G:/Individual recognition vids/Blind videos/JI99.MP4	16838	NA	NA
Jurek_FC_13102022_1047	2024-03-01T20:55:15Z	NA	723.36	Media file(s)	player #1:G:/Individual recognition vids/Blind videos/JI99.MP4	723.36	25	Jurek	FC	NA	2022-09-11T10:00:00Z	Outer periphery	Overcast	KLF	Departure	2m	NA	Htlt	Reaction	NA	POINT	673.92	G:/Individual recognition vids/Blind videos/JI99.MP4	16848	NA	NA
Jurek_FC_13102022_1047	2024-03-01T20:55:15Z	NA	723.36	Media file(s)	player #1:G:/Individual recognition vids/Blind videos/JI99.MP4	723.36	25	Jurek	FC	NA	2022-09-11T10:00:00Z	Outer periphery	Overcast	KLF	Departure	2m	NA	Look	Reaction	At speaker	POINT	686.88	G:/Individual recognition vids/Blind videos/JI99.MP4	17172	NA	NA
Jurek_FC_13102022_1047	2024-03-01T20:55:15Z	NA	723.36	Media file(s)	player #1:G:/Individual recognition vids/Blind videos/JI99.MP4	723.36	25	Jurek	FC	NA	2022-09-11T10:00:00Z	Outer periphery	Overcast	KLF	Departure	2m	NA	Look	Reaction	At speaker	POINT	696.96	G:/Individual recognition vids/Blind videos/JI99.MP4	17424	NA	NA
Jurek_FC_13102022_1047	2024-03-01T20:55:15Z	NA	723.36	Media file(s)	player #1:G:/Individual recognition vids/Blind videos/JI99.MP4	723.36	25	Jurek	FC	NA	2022-09-11T10:00:00Z	Outer periphery	Overcast	KLF	Departure	2m	NA	HSH	Reaction	NA	POINT	698.68	G:/Individual recognition vids/Blind videos/JI99.MP4	17467	NA	NA
Jurek_FC_13102022_1047	2024-03-01T20:55:15Z	NA	723.36	Media file(s)	player #1:G:/Individual recognition vids/Blind videos/JI99.MP4	723.36	25	Jurek	FC	NA	2022-09-11T10:00:00Z	Outer periphery	Overcast	KLF	Departure	2m	NA	HSH	Reaction	NA	POINT	705.12	G:/Individual recognition vids/Blind videos/JI99.MP4	17628	NA	NA
Jurek_FC_13102022_1047	2024-03-01T20:55:15Z	NA	723.36	Media file(s)	player #1:G:/Individual recognition vids/Blind videos/JI99.MP4	723.36	25	Jurek	FC	NA	2022-09-11T10:00:00Z	Outer periphery	Overcast	KLF	Departure	2m	NA	Pre	Time budget	With kin	STOP	716.239	G:/Individual recognition vids/Blind videos/JI99.MP4	NA	NA	NA
Jurek_FC_13102022_1047	2024-03-01T20:55:15Z	NA	723.36	Media file(s)	player #1:G:/Individual recognition vids/Blind videos/JI99.MP4	723.36	25	Jurek	FC	NA	2022-09-11T10:00:00Z	Outer periphery	Overcast	KLF	Departure	2m	NA	Rst	Time budget	With kin	START	716.24	G:/Individual recognition vids/Blind videos/JI99.MP4	17906	NA	NA
Jurek_FC_13102022_1047	2024-03-01T20:55:15Z	NA	723.36	Media file(s)	player #1:G:/Individual recognition vids/Blind videos/JI99.MP4	723.36	25	Jurek	FC	NA	2022-09-11T10:00:00Z	Outer periphery	Overcast	KLF	Departure	2m	NA	Ass	Interaction	Kin	STOP	723.36	G:/Individual recognition vids/Blind videos/JI99.MP4	18084	NA	NA
Jurek_FC_13102022_1047	2024-03-01T20:55:15Z	NA	723.36	Media file(s)	player #1:G:/Individual recognition vids/Blind videos/JI99.MP4	723.36	25	Jurek	FC	NA	2022-09-11T10:00:00Z	Outer periphery	Overcast	KLF	Departure	2m	NA	Rst	Time budget	With kin	STOP	723.36	G:/Individual recognition vids/Blind videos/JI99.MP4	18084	NA	NA
