Observation id	Observation date	Description	Observation duration	Observation type	Source	Time offset (s)	Media duration (s)	FPS	Focal	Treatment	Date	Time	Position	Weather	Site	Call type	Closeset distance	Subject	Behavior	Behavioral category	Modifier #1	Behavior type	Media file name	Image index	Image file path	Comment	...28
Joe_FC_11112022_0930	2024-03-18T21:45:27Z	Joe_FC_11112022_0930.MP4	696.96	Media file(s)	player #1:H:/Individual recognition vids/Blind videos/NL94.MP4	0	696.96	25	Joe	FC	NA	2022-09-11T10:00:00Z	Outer periphery	Sunny	KLF	Recruitment	2m	NA	Ass	Interaction	Kin	START	0	H:/Individual recognition vids/Blind videos/NL94.MP4	0	NA	NA
Joe_FC_11112022_0930	2024-03-18T21:45:27Z	Joe_FC_11112022_0930.MP4	696.96	Media file(s)	player #1:H:/Individual recognition vids/Blind videos/NL94.MP4	0	696.96	25	Joe	FC	NA	2022-09-11T10:00:00Z	Outer periphery	Sunny	KLF	Recruitment	2m	NA	Eat	Time budget	With kin	START	0	H:/Individual recognition vids/Blind videos/NL94.MP4	NA	NA	NA
Joe_FC_11112022_0930	2024-03-18T21:45:27Z	Joe_FC_11112022_0930.MP4	696.96	Media file(s)	player #1:H:/Individual recognition vids/Blind videos/NL94.MP4	0	696.96	25	Joe	FC	NA	2022-09-11T10:00:00Z	Outer periphery	Sunny	KLF	Recruitment	2m	NA	FVO	Reaction	Distance	POINT	5.44	H:/Individual recognition vids/Blind videos/NL94.MP4	136	NA	NA
Joe_FC_11112022_0930	2024-03-18T21:45:27Z	Joe_FC_11112022_0930.MP4	696.96	Media file(s)	player #1:H:/Individual recognition vids/Blind videos/NL94.MP4	0	696.96	25	Joe	FC	NA	2022-09-11T10:00:00Z	Outer periphery	Sunny	KLF	Recruitment	2m	NA	FVO	Reaction	Distance	POINT	16.48	H:/Individual recognition vids/Blind videos/NL94.MP4	412	NA	NA
Joe_FC_11112022_0930	2024-03-18T21:45:27Z	Joe_FC_11112022_0930.MP4	696.96	Media file(s)	player #1:H:/Individual recognition vids/Blind videos/NL94.MP4	0	696.96	25	Joe	FC	NA	2022-09-11T10:00:00Z	Outer periphery	Sunny	KLF	Recruitment	2m	NA	FVO	Reaction	Distance	POINT	19.36	H:/Individual recognition vids/Blind videos/NL94.MP4	484	NA	NA
Joe_FC_11112022_0930	2024-03-18T21:45:27Z	Joe_FC_11112022_0930.MP4	696.96	Media file(s)	player #1:H:/Individual recognition vids/Blind videos/NL94.MP4	0	696.96	25	Joe	FC	NA	2022-09-11T10:00:00Z	Outer periphery	Sunny	KLF	Recruitment	2m	NA	HSH	Reaction	NA	POINT	22.88	H:/Individual recognition vids/Blind videos/NL94.MP4	572	NA	NA
Joe_FC_11112022_0930	2024-03-18T21:45:27Z	Joe_FC_11112022_0930.MP4	696.96	Media file(s)	player #1:H:/Individual recognition vids/Blind videos/NL94.MP4	0	696.96	25	Joe	FC	NA	2022-09-11T10:00:00Z	Outer periphery	Sunny	KLF	Recruitment	2m	NA	FVO	Reaction	Other	POINT	23.04	H:/Individual recognition vids/Blind videos/NL94.MP4	576	NA	NA
Joe_FC_11112022_0930	2024-03-18T21:45:27Z	Joe_FC_11112022_0930.MP4	696.96	Media file(s)	player #1:H:/Individual recognition vids/Blind videos/NL94.MP4	0	696.96	25	Joe	FC	NA	2022-09-11T10:00:00Z	Outer periphery	Sunny	KLF	Recruitment	2m	NA	Look	Reaction	At speaker	POINT	24.28	H:/Individual recognition vids/Blind videos/NL94.MP4	607	NA	NA
Joe_FC_11112022_0930	2024-03-18T21:45:27Z	Joe_FC_11112022_0930.MP4	696.96	Media file(s)	player #1:H:/Individual recognition vids/Blind videos/NL94.MP4	0	696.96	25	Joe	FC	NA	2022-09-11T10:00:00Z	Outer periphery	Sunny	KLF	Recruitment	2m	NA	Look	Reaction	At speaker	POINT	29.52	H:/Individual recognition vids/Blind videos/NL94.MP4	738	NA	NA
Joe_FC_11112022_0930	2024-03-18T21:45:27Z	Joe_FC_11112022_0930.MP4	696.96	Media file(s)	player #1:H:/Individual recognition vids/Blind videos/NL94.MP4	0	696.96	25	Joe	FC	NA	2022-09-11T10:00:00Z	Outer periphery	Sunny	KLF	Recruitment	2m	NA	Look	Reaction	At speaker	POINT	43.96	H:/Individual recognition vids/Blind videos/NL94.MP4	1099	NA	NA
Joe_FC_11112022_0930	2024-03-18T21:45:27Z	Joe_FC_11112022_0930.MP4	696.96	Media file(s)	player #1:H:/Individual recognition vids/Blind videos/NL94.MP4	0	696.96	25	Joe	FC	NA	2022-09-11T10:00:00Z	Outer periphery	Sunny	KLF	Recruitment	2m	NA	FVO	Reaction	Distance	POINT	47.8	H:/Individual recognition vids/Blind videos/NL94.MP4	1195	NA	NA
Joe_FC_11112022_0930	2024-03-18T21:45:27Z	Joe_FC_11112022_0930.MP4	696.96	Media file(s)	player #1:H:/Individual recognition vids/Blind videos/NL94.MP4	0	696.96	25	Joe	FC	NA	2022-09-11T10:00:00Z	Outer periphery	Sunny	KLF	Recruitment	2m	NA	FVO	Reaction	Distance	POINT	49.28	H:/Individual recognition vids/Blind videos/NL94.MP4	1232	NA	NA
Joe_FC_11112022_0930	2024-03-18T21:45:27Z	Joe_FC_11112022_0930.MP4	696.96	Media file(s)	player #1:H:/Individual recognition vids/Blind videos/NL94.MP4	0	696.96	25	Joe	FC	NA	2022-09-11T10:00:00Z	Outer periphery	Sunny	KLF	Recruitment	2m	NA	FVO	Reaction	Distance	POINT	52	H:/Individual recognition vids/Blind videos/NL94.MP4	1300	NA	NA
Joe_FC_11112022_0930	2024-03-18T21:45:27Z	Joe_FC_11112022_0930.MP4	696.96	Media file(s)	player #1:H:/Individual recognition vids/Blind videos/NL94.MP4	0	696.96	25	Joe	FC	NA	2022-09-11T10:00:00Z	Outer periphery	Sunny	KLF	Recruitment	2m	NA	Eat	Time budget	With kin	STOP	55.239	H:/Individual recognition vids/Blind videos/NL94.MP4	NA	NA	NA
Joe_FC_11112022_0930	2024-03-18T21:45:27Z	Joe_FC_11112022_0930.MP4	696.96	Media file(s)	player #1:H:/Individual recognition vids/Blind videos/NL94.MP4	0	696.96	25	Joe	FC	NA	2022-09-11T10:00:00Z	Outer periphery	Sunny	KLF	Recruitment	2m	NA	Vig	Time budget	Mid neck	START	55.24	H:/Individual recognition vids/Blind videos/NL94.MP4	1381	NA	NA
Joe_FC_11112022_0930	2024-03-18T21:45:27Z	Joe_FC_11112022_0930.MP4	696.96	Media file(s)	player #1:H:/Individual recognition vids/Blind videos/NL94.MP4	0	696.96	25	Joe	FC	NA	2022-09-11T10:00:00Z	Outer periphery	Sunny	KLF	Recruitment	2m	NA	Look	Reaction	At speaker	POINT	55.52	H:/Individual recognition vids/Blind videos/NL94.MP4	1388	NA	NA
Joe_FC_11112022_0930	2024-03-18T21:45:27Z	Joe_FC_11112022_0930.MP4	696.96	Media file(s)	player #1:H:/Individual recognition vids/Blind videos/NL94.MP4	0	696.96	25	Joe	FC	NA	2022-09-11T10:00:00Z	Outer periphery	Sunny	KLF	Recruitment	2m	NA	Vig	Time budget	Mid neck	STOP	57.399	H:/Individual recognition vids/Blind videos/NL94.MP4	NA	NA	NA
Joe_FC_11112022_0930	2024-03-18T21:45:27Z	Joe_FC_11112022_0930.MP4	696.96	Media file(s)	player #1:H:/Individual recognition vids/Blind videos/NL94.MP4	0	696.96	25	Joe	FC	NA	2022-09-11T10:00:00Z	Outer periphery	Sunny	KLF	Recruitment	2m	NA	Eat	Time budget	With kin	START	57.4	H:/Individual recognition vids/Blind videos/NL94.MP4	1435	NA	NA
Joe_FC_11112022_0930	2024-03-18T21:45:27Z	Joe_FC_11112022_0930.MP4	696.96	Media file(s)	player #1:H:/Individual recognition vids/Blind videos/NL94.MP4	0	696.96	25	Joe	FC	NA	2022-09-11T10:00:00Z	Outer periphery	Sunny	KLF	Recruitment	2m	NA	Look	Reaction	At speaker	POINT	73.88	H:/Individual recognition vids/Blind videos/NL94.MP4	1847	NA	NA
Joe_FC_11112022_0930	2024-03-18T21:45:27Z	Joe_FC_11112022_0930.MP4	696.96	Media file(s)	player #1:H:/Individual recognition vids/Blind videos/NL94.MP4	0	696.96	25	Joe	FC	NA	2022-09-11T10:00:00Z	Outer periphery	Sunny	KLF	Recruitment	2m	NA	Eat	Time budget	With kin	STOP	74.479	H:/Individual recognition vids/Blind videos/NL94.MP4	NA	NA	NA
Joe_FC_11112022_0930	2024-03-18T21:45:27Z	Joe_FC_11112022_0930.MP4	696.96	Media file(s)	player #1:H:/Individual recognition vids/Blind videos/NL94.MP4	0	696.96	25	Joe	FC	NA	2022-09-11T10:00:00Z	Outer periphery	Sunny	KLF	Recruitment	2m	NA	Vig	Time budget	Mid neck	START	74.48	H:/Individual recognition vids/Blind videos/NL94.MP4	1862	NA	NA
Joe_FC_11112022_0930	2024-03-18T21:45:27Z	Joe_FC_11112022_0930.MP4	696.96	Media file(s)	player #1:H:/Individual recognition vids/Blind videos/NL94.MP4	0	696.96	25	Joe	FC	NA	2022-09-11T10:00:00Z	Outer periphery	Sunny	KLF	Recruitment	2m	NA	Vig	Time budget	Mid neck	STOP	76.239	H:/Individual recognition vids/Blind videos/NL94.MP4	NA	NA	NA
Joe_FC_11112022_0930	2024-03-18T21:45:27Z	Joe_FC_11112022_0930.MP4	696.96	Media file(s)	player #1:H:/Individual recognition vids/Blind videos/NL94.MP4	0	696.96	25	Joe	FC	NA	2022-09-11T10:00:00Z	Outer periphery	Sunny	KLF	Recruitment	2m	NA	Eat	Time budget	With kin	START	76.24	H:/Individual recognition vids/Blind videos/NL94.MP4	1906	NA	NA
Joe_FC_11112022_0930	2024-03-18T21:45:27Z	Joe_FC_11112022_0930.MP4	696.96	Media file(s)	player #1:H:/Individual recognition vids/Blind videos/NL94.MP4	0	696.96	25	Joe	FC	NA	2022-09-11T10:00:00Z	Outer periphery	Sunny	KLF	Recruitment	2m	NA	Hab	Playback phase	NA	START	76.56	H:/Individual recognition vids/Blind videos/NL94.MP4	1914	NA	NA
Joe_FC_11112022_0930	2024-03-18T21:45:27Z	Joe_FC_11112022_0930.MP4	696.96	Media file(s)	player #1:H:/Individual recognition vids/Blind videos/NL94.MP4	0	696.96	25	Joe	FC	NA	2022-09-11T10:00:00Z	Outer periphery	Sunny	KLF	Recruitment	2m	NA	HSH	Reaction	NA	POINT	82.32	H:/Individual recognition vids/Blind videos/NL94.MP4	2058	NA	NA
Joe_FC_11112022_0930	2024-03-18T21:45:27Z	Joe_FC_11112022_0930.MP4	696.96	Media file(s)	player #1:H:/Individual recognition vids/Blind videos/NL94.MP4	0	696.96	25	Joe	FC	NA	2022-09-11T10:00:00Z	Outer periphery	Sunny	KLF	Recruitment	2m	NA	Eat	Time budget	With kin	STOP	82.959	H:/Individual recognition vids/Blind videos/NL94.MP4	NA	NA	NA
Joe_FC_11112022_0930	2024-03-18T21:45:27Z	Joe_FC_11112022_0930.MP4	696.96	Media file(s)	player #1:H:/Individual recognition vids/Blind videos/NL94.MP4	0	696.96	25	Joe	FC	NA	2022-09-11T10:00:00Z	Outer periphery	Sunny	KLF	Recruitment	2m	NA	Vig	Time budget	Mid neck	START	82.96	H:/Individual recognition vids/Blind videos/NL94.MP4	2074	NA	NA
Joe_FC_11112022_0930	2024-03-18T21:45:27Z	Joe_FC_11112022_0930.MP4	696.96	Media file(s)	player #1:H:/Individual recognition vids/Blind videos/NL94.MP4	0	696.96	25	Joe	FC	NA	2022-09-11T10:00:00Z	Outer periphery	Sunny	KLF	Recruitment	2m	NA	Look	Reaction	At speaker	POINT	83.4	H:/Individual recognition vids/Blind videos/NL94.MP4	2085	NA	NA
Joe_FC_11112022_0930	2024-03-18T21:45:27Z	Joe_FC_11112022_0930.MP4	696.96	Media file(s)	player #1:H:/Individual recognition vids/Blind videos/NL94.MP4	0	696.96	25	Joe	FC	NA	2022-09-11T10:00:00Z	Outer periphery	Sunny	KLF	Recruitment	2m	NA	Vig	Time budget	Mid neck	STOP	84.359	H:/Individual recognition vids/Blind videos/NL94.MP4	NA	NA	NA
Joe_FC_11112022_0930	2024-03-18T21:45:27Z	Joe_FC_11112022_0930.MP4	696.96	Media file(s)	player #1:H:/Individual recognition vids/Blind videos/NL94.MP4	0	696.96	25	Joe	FC	NA	2022-09-11T10:00:00Z	Outer periphery	Sunny	KLF	Recruitment	2m	NA	Eat	Time budget	With kin	START	84.36	H:/Individual recognition vids/Blind videos/NL94.MP4	2109	NA	NA
Joe_FC_11112022_0930	2024-03-18T21:45:27Z	Joe_FC_11112022_0930.MP4	696.96	Media file(s)	player #1:H:/Individual recognition vids/Blind videos/NL94.MP4	0	696.96	25	Joe	FC	NA	2022-09-11T10:00:00Z	Outer periphery	Sunny	KLF	Recruitment	2m	NA	HSH	Reaction	NA	POINT	95.88	H:/Individual recognition vids/Blind videos/NL94.MP4	2397	NA	NA
Joe_FC_11112022_0930	2024-03-18T21:45:27Z	Joe_FC_11112022_0930.MP4	696.96	Media file(s)	player #1:H:/Individual recognition vids/Blind videos/NL94.MP4	0	696.96	25	Joe	FC	NA	2022-09-11T10:00:00Z	Outer periphery	Sunny	KLF	Recruitment	2m	NA	Eat	Time budget	With kin	STOP	96.359	H:/Individual recognition vids/Blind videos/NL94.MP4	NA	NA	NA
Joe_FC_11112022_0930	2024-03-18T21:45:27Z	Joe_FC_11112022_0930.MP4	696.96	Media file(s)	player #1:H:/Individual recognition vids/Blind videos/NL94.MP4	0	696.96	25	Joe	FC	NA	2022-09-11T10:00:00Z	Outer periphery	Sunny	KLF	Recruitment	2m	NA	Vig	Time budget	Mid neck	START	96.36	H:/Individual recognition vids/Blind videos/NL94.MP4	2409	NA	NA
Joe_FC_11112022_0930	2024-03-18T21:45:27Z	Joe_FC_11112022_0930.MP4	696.96	Media file(s)	player #1:H:/Individual recognition vids/Blind videos/NL94.MP4	0	696.96	25	Joe	FC	NA	2022-09-11T10:00:00Z	Outer periphery	Sunny	KLF	Recruitment	2m	NA	Look	Reaction	At speaker	POINT	96.8	H:/Individual recognition vids/Blind videos/NL94.MP4	2420	NA	NA
Joe_FC_11112022_0930	2024-03-18T21:45:27Z	Joe_FC_11112022_0930.MP4	696.96	Media file(s)	player #1:H:/Individual recognition vids/Blind videos/NL94.MP4	0	696.96	25	Joe	FC	NA	2022-09-11T10:00:00Z	Outer periphery	Sunny	KLF	Recruitment	2m	NA	FVO	Reaction	Distance	POINT	96.88	H:/Individual recognition vids/Blind videos/NL94.MP4	2422	NA	NA
Joe_FC_11112022_0930	2024-03-18T21:45:27Z	Joe_FC_11112022_0930.MP4	696.96	Media file(s)	player #1:H:/Individual recognition vids/Blind videos/NL94.MP4	0	696.96	25	Joe	FC	NA	2022-09-11T10:00:00Z	Outer periphery	Sunny	KLF	Recruitment	2m	NA	Vig	Time budget	Mid neck	STOP	99.559	H:/Individual recognition vids/Blind videos/NL94.MP4	NA	NA	NA
Joe_FC_11112022_0930	2024-03-18T21:45:27Z	Joe_FC_11112022_0930.MP4	696.96	Media file(s)	player #1:H:/Individual recognition vids/Blind videos/NL94.MP4	0	696.96	25	Joe	FC	NA	2022-09-11T10:00:00Z	Outer periphery	Sunny	KLF	Recruitment	2m	NA	Eat	Time budget	With kin	START	99.56	H:/Individual recognition vids/Blind videos/NL94.MP4	2489	NA	NA
Joe_FC_11112022_0930	2024-03-18T21:45:27Z	Joe_FC_11112022_0930.MP4	696.96	Media file(s)	player #1:H:/Individual recognition vids/Blind videos/NL94.MP4	0	696.96	25	Joe	FC	NA	2022-09-11T10:00:00Z	Outer periphery	Sunny	KLF	Recruitment	2m	NA	Eat	Time budget	With kin	STOP	109.959	H:/Individual recognition vids/Blind videos/NL94.MP4	NA	NA	NA
Joe_FC_11112022_0930	2024-03-18T21:45:27Z	Joe_FC_11112022_0930.MP4	696.96	Media file(s)	player #1:H:/Individual recognition vids/Blind videos/NL94.MP4	0	696.96	25	Joe	FC	NA	2022-09-11T10:00:00Z	Outer periphery	Sunny	KLF	Recruitment	2m	NA	Look	Reaction	At speaker	POINT	109.96	H:/Individual recognition vids/Blind videos/NL94.MP4	2749	NA	NA
Joe_FC_11112022_0930	2024-03-18T21:45:27Z	Joe_FC_11112022_0930.MP4	696.96	Media file(s)	player #1:H:/Individual recognition vids/Blind videos/NL94.MP4	0	696.96	25	Joe	FC	NA	2022-09-11T10:00:00Z	Outer periphery	Sunny	KLF	Recruitment	2m	NA	Vig	Time budget	Mid neck	START	109.96	H:/Individual recognition vids/Blind videos/NL94.MP4	2749	NA	NA
Joe_FC_11112022_0930	2024-03-18T21:45:27Z	Joe_FC_11112022_0930.MP4	696.96	Media file(s)	player #1:H:/Individual recognition vids/Blind videos/NL94.MP4	0	696.96	25	Joe	FC	NA	2022-09-11T10:00:00Z	Outer periphery	Sunny	KLF	Recruitment	2m	NA	Look	Reaction	At speaker	POINT	111.24	H:/Individual recognition vids/Blind videos/NL94.MP4	2781	NA	NA
Joe_FC_11112022_0930	2024-03-18T21:45:27Z	Joe_FC_11112022_0930.MP4	696.96	Media file(s)	player #1:H:/Individual recognition vids/Blind videos/NL94.MP4	0	696.96	25	Joe	FC	NA	2022-09-11T10:00:00Z	Outer periphery	Sunny	KLF	Recruitment	2m	NA	Look	Reaction	At speaker	POINT	112.28	H:/Individual recognition vids/Blind videos/NL94.MP4	2807	NA	NA
Joe_FC_11112022_0930	2024-03-18T21:45:27Z	Joe_FC_11112022_0930.MP4	696.96	Media file(s)	player #1:H:/Individual recognition vids/Blind videos/NL94.MP4	0	696.96	25	Joe	FC	NA	2022-09-11T10:00:00Z	Outer periphery	Sunny	KLF	Recruitment	2m	NA	Vig	Time budget	Mid neck	STOP	115.119	H:/Individual recognition vids/Blind videos/NL94.MP4	NA	NA	NA
Joe_FC_11112022_0930	2024-03-18T21:45:27Z	Joe_FC_11112022_0930.MP4	696.96	Media file(s)	player #1:H:/Individual recognition vids/Blind videos/NL94.MP4	0	696.96	25	Joe	FC	NA	2022-09-11T10:00:00Z	Outer periphery	Sunny	KLF	Recruitment	2m	NA	Eat	Time budget	With kin	START	115.12	H:/Individual recognition vids/Blind videos/NL94.MP4	2878	NA	NA
Joe_FC_11112022_0930	2024-03-18T21:45:27Z	Joe_FC_11112022_0930.MP4	696.96	Media file(s)	player #1:H:/Individual recognition vids/Blind videos/NL94.MP4	0	696.96	25	Joe	FC	NA	2022-09-11T10:00:00Z	Outer periphery	Sunny	KLF	Recruitment	2m	NA	FVO	Reaction	Distance	POINT	192.56	H:/Individual recognition vids/Blind videos/NL94.MP4	4814	NA	NA
Joe_FC_11112022_0930	2024-03-18T21:45:27Z	Joe_FC_11112022_0930.MP4	696.96	Media file(s)	player #1:H:/Individual recognition vids/Blind videos/NL94.MP4	0	696.96	25	Joe	FC	NA	2022-09-11T10:00:00Z	Outer periphery	Sunny	KLF	Recruitment	2m	NA	FVO	Reaction	Distance	POINT	193.64	H:/Individual recognition vids/Blind videos/NL94.MP4	4841	NA	NA
Joe_FC_11112022_0930	2024-03-18T21:45:27Z	Joe_FC_11112022_0930.MP4	696.96	Media file(s)	player #1:H:/Individual recognition vids/Blind videos/NL94.MP4	0	696.96	25	Joe	FC	NA	2022-09-11T10:00:00Z	Outer periphery	Sunny	KLF	Recruitment	2m	NA	FVO	Reaction	Distance	POINT	195.84	H:/Individual recognition vids/Blind videos/NL94.MP4	4896	NA	NA
Joe_FC_11112022_0930	2024-03-18T21:45:27Z	Joe_FC_11112022_0930.MP4	696.96	Media file(s)	player #1:H:/Individual recognition vids/Blind videos/NL94.MP4	0	696.96	25	Joe	FC	NA	2022-09-11T10:00:00Z	Outer periphery	Sunny	KLF	Recruitment	2m	NA	FVO	Reaction	Distance	POINT	197.6	H:/Individual recognition vids/Blind videos/NL94.MP4	4941	NA	NA
Joe_FC_11112022_0930	2024-03-18T21:45:27Z	Joe_FC_11112022_0930.MP4	696.96	Media file(s)	player #1:H:/Individual recognition vids/Blind videos/NL94.MP4	0	696.96	25	Joe	FC	NA	2022-09-11T10:00:00Z	Outer periphery	Sunny	KLF	Recruitment	2m	NA	Look	Reaction	At speaker	POINT	198.2	H:/Individual recognition vids/Blind videos/NL94.MP4	4955	NA	NA
Joe_FC_11112022_0930	2024-03-18T21:45:27Z	Joe_FC_11112022_0930.MP4	696.96	Media file(s)	player #1:H:/Individual recognition vids/Blind videos/NL94.MP4	0	696.96	25	Joe	FC	NA	2022-09-11T10:00:00Z	Outer periphery	Sunny	KLF	Recruitment	2m	NA	FVO	Reaction	Distance	POINT	239.96	H:/Individual recognition vids/Blind videos/NL94.MP4	5999	NA	NA
Joe_FC_11112022_0930	2024-03-18T21:45:27Z	Joe_FC_11112022_0930.MP4	696.96	Media file(s)	player #1:H:/Individual recognition vids/Blind videos/NL94.MP4	0	696.96	25	Joe	FC	NA	2022-09-11T10:00:00Z	Outer periphery	Sunny	KLF	Recruitment	2m	NA	FVO	Reaction	Distance	POINT	240.96	H:/Individual recognition vids/Blind videos/NL94.MP4	6024	NA	NA
Joe_FC_11112022_0930	2024-03-18T21:45:27Z	Joe_FC_11112022_0930.MP4	696.96	Media file(s)	player #1:H:/Individual recognition vids/Blind videos/NL94.MP4	0	696.96	25	Joe	FC	NA	2022-09-11T10:00:00Z	Outer periphery	Sunny	KLF	Recruitment	2m	NA	Look	Reaction	At speaker	POINT	244.52	H:/Individual recognition vids/Blind videos/NL94.MP4	6113	NA	NA
Joe_FC_11112022_0930	2024-03-18T21:45:27Z	Joe_FC_11112022_0930.MP4	696.96	Media file(s)	player #1:H:/Individual recognition vids/Blind videos/NL94.MP4	0	696.96	25	Joe	FC	NA	2022-09-11T10:00:00Z	Outer periphery	Sunny	KLF	Recruitment	2m	NA	FVO	Reaction	Distance	POINT	253.12	H:/Individual recognition vids/Blind videos/NL94.MP4	6328	NA	NA
Joe_FC_11112022_0930	2024-03-18T21:45:27Z	Joe_FC_11112022_0930.MP4	696.96	Media file(s)	player #1:H:/Individual recognition vids/Blind videos/NL94.MP4	0	696.96	25	Joe	FC	NA	2022-09-11T10:00:00Z	Outer periphery	Sunny	KLF	Recruitment	2m	NA	FVO	Reaction	Distance	POINT	255.12	H:/Individual recognition vids/Blind videos/NL94.MP4	6378	NA	NA
Joe_FC_11112022_0930	2024-03-18T21:45:27Z	Joe_FC_11112022_0930.MP4	696.96	Media file(s)	player #1:H:/Individual recognition vids/Blind videos/NL94.MP4	0	696.96	25	Joe	FC	NA	2022-09-11T10:00:00Z	Outer periphery	Sunny	KLF	Recruitment	2m	NA	FVO	Reaction	Other	POINT	259.8	H:/Individual recognition vids/Blind videos/NL94.MP4	6495	NA	NA
Joe_FC_11112022_0930	2024-03-18T21:45:27Z	Joe_FC_11112022_0930.MP4	696.96	Media file(s)	player #1:H:/Individual recognition vids/Blind videos/NL94.MP4	0	696.96	25	Joe	FC	NA	2022-09-11T10:00:00Z	Outer periphery	Sunny	KLF	Recruitment	2m	NA	FVO	Reaction	Distance	POINT	275.72	H:/Individual recognition vids/Blind videos/NL94.MP4	6893	NA	NA
Joe_FC_11112022_0930	2024-03-18T21:45:27Z	Joe_FC_11112022_0930.MP4	696.96	Media file(s)	player #1:H:/Individual recognition vids/Blind videos/NL94.MP4	0	696.96	25	Joe	FC	NA	2022-09-11T10:00:00Z	Outer periphery	Sunny	KLF	Recruitment	2m	NA	Look	Reaction	At speaker	POINT	277.84	H:/Individual recognition vids/Blind videos/NL94.MP4	6946	NA	NA
Joe_FC_11112022_0930	2024-03-18T21:45:27Z	Joe_FC_11112022_0930.MP4	696.96	Media file(s)	player #1:H:/Individual recognition vids/Blind videos/NL94.MP4	0	696.96	25	Joe	FC	NA	2022-09-11T10:00:00Z	Outer periphery	Sunny	KLF	Recruitment	2m	NA	HSH	Reaction	NA	POINT	278.56	H:/Individual recognition vids/Blind videos/NL94.MP4	6964	NA	NA
Joe_FC_11112022_0930	2024-03-18T21:45:27Z	Joe_FC_11112022_0930.MP4	696.96	Media file(s)	player #1:H:/Individual recognition vids/Blind videos/NL94.MP4	0	696.96	25	Joe	FC	NA	2022-09-11T10:00:00Z	Outer periphery	Sunny	KLF	Recruitment	2m	NA	Voc	Reaction	Contact	POINT	279.8	H:/Individual recognition vids/Blind videos/NL94.MP4	6995	NA	NA
Joe_FC_11112022_0930	2024-03-18T21:45:27Z	Joe_FC_11112022_0930.MP4	696.96	Media file(s)	player #1:H:/Individual recognition vids/Blind videos/NL94.MP4	0	696.96	25	Joe	FC	NA	2022-09-11T10:00:00Z	Outer periphery	Sunny	KLF	Recruitment	2m	NA	FVO	Reaction	Other	POINT	298.2	H:/Individual recognition vids/Blind videos/NL94.MP4	7455	NA	NA
Joe_FC_11112022_0930	2024-03-18T21:45:27Z	Joe_FC_11112022_0930.MP4	696.96	Media file(s)	player #1:H:/Individual recognition vids/Blind videos/NL94.MP4	0	696.96	25	Joe	FC	NA	2022-09-11T10:00:00Z	Outer periphery	Sunny	KLF	Recruitment	2m	NA	HSH	Reaction	NA	POINT	303.88	H:/Individual recognition vids/Blind videos/NL94.MP4	7597	NA	NA
Joe_FC_11112022_0930	2024-03-18T21:45:27Z	Joe_FC_11112022_0930.MP4	696.96	Media file(s)	player #1:H:/Individual recognition vids/Blind videos/NL94.MP4	0	696.96	25	Joe	FC	NA	2022-09-11T10:00:00Z	Outer periphery	Sunny	KLF	Recruitment	2m	NA	Look	Reaction	At speaker	POINT	303.88	H:/Individual recognition vids/Blind videos/NL94.MP4	7597	NA	NA
Joe_FC_11112022_0930	2024-03-18T21:45:27Z	Joe_FC_11112022_0930.MP4	696.96	Media file(s)	player #1:H:/Individual recognition vids/Blind videos/NL94.MP4	0	696.96	25	Joe	FC	NA	2022-09-11T10:00:00Z	Outer periphery	Sunny	KLF	Recruitment	2m	NA	Eat	Time budget	With kin	STOP	304.519	H:/Individual recognition vids/Blind videos/NL94.MP4	NA	NA	NA
Joe_FC_11112022_0930	2024-03-18T21:45:27Z	Joe_FC_11112022_0930.MP4	696.96	Media file(s)	player #1:H:/Individual recognition vids/Blind videos/NL94.MP4	0	696.96	25	Joe	FC	NA	2022-09-11T10:00:00Z	Outer periphery	Sunny	KLF	Recruitment	2m	NA	Vig	Time budget	Mid neck	START	304.52	H:/Individual recognition vids/Blind videos/NL94.MP4	7613	NA	NA
Joe_FC_11112022_0930	2024-03-18T21:45:27Z	Joe_FC_11112022_0930.MP4	696.96	Media file(s)	player #1:H:/Individual recognition vids/Blind videos/NL94.MP4	0	696.96	25	Joe	FC	NA	2022-09-11T10:00:00Z	Outer periphery	Sunny	KLF	Recruitment	2m	NA	Voc	Reaction	Contact	POINT	305.28	H:/Individual recognition vids/Blind videos/NL94.MP4	7632	NA	NA
Joe_FC_11112022_0930	2024-03-18T21:45:27Z	Joe_FC_11112022_0930.MP4	696.96	Media file(s)	player #1:H:/Individual recognition vids/Blind videos/NL94.MP4	0	696.96	25	Joe	FC	NA	2022-09-11T10:00:00Z	Outer periphery	Sunny	KLF	Recruitment	2m	NA	Look	Reaction	At speaker	POINT	305.32	H:/Individual recognition vids/Blind videos/NL94.MP4	7633	NA	NA
Joe_FC_11112022_0930	2024-03-18T21:45:27Z	Joe_FC_11112022_0930.MP4	696.96	Media file(s)	player #1:H:/Individual recognition vids/Blind videos/NL94.MP4	0	696.96	25	Joe	FC	NA	2022-09-11T10:00:00Z	Outer periphery	Sunny	KLF	Recruitment	2m	NA	Look	Reaction	Away from speaker	POINT	306.72	H:/Individual recognition vids/Blind videos/NL94.MP4	7668	NA	NA
Joe_FC_11112022_0930	2024-03-18T21:45:27Z	Joe_FC_11112022_0930.MP4	696.96	Media file(s)	player #1:H:/Individual recognition vids/Blind videos/NL94.MP4	0	696.96	25	Joe	FC	NA	2022-09-11T10:00:00Z	Outer periphery	Sunny	KLF	Recruitment	2m	NA	Vig	Time budget	Mid neck	STOP	307.919	H:/Individual recognition vids/Blind videos/NL94.MP4	NA	NA	NA
Joe_FC_11112022_0930	2024-03-18T21:45:27Z	Joe_FC_11112022_0930.MP4	696.96	Media file(s)	player #1:H:/Individual recognition vids/Blind videos/NL94.MP4	0	696.96	25	Joe	FC	NA	2022-09-11T10:00:00Z	Outer periphery	Sunny	KLF	Recruitment	2m	NA	Eat	Time budget	With kin	START	307.92	H:/Individual recognition vids/Blind videos/NL94.MP4	7698	NA	NA
Joe_FC_11112022_0930	2024-03-18T21:45:27Z	Joe_FC_11112022_0930.MP4	696.96	Media file(s)	player #1:H:/Individual recognition vids/Blind videos/NL94.MP4	0	696.96	25	Joe	FC	NA	2022-09-11T10:00:00Z	Outer periphery	Sunny	KLF	Recruitment	2m	NA	Eat	Time budget	With kin	STOP	318.119	H:/Individual recognition vids/Blind videos/NL94.MP4	NA	NA	NA
Joe_FC_11112022_0930	2024-03-18T21:45:27Z	Joe_FC_11112022_0930.MP4	696.96	Media file(s)	player #1:H:/Individual recognition vids/Blind videos/NL94.MP4	0	696.96	25	Joe	FC	NA	2022-09-11T10:00:00Z	Outer periphery	Sunny	KLF	Recruitment	2m	NA	Vig	Time budget	Mid neck	START	318.12	H:/Individual recognition vids/Blind videos/NL94.MP4	7953	NA	NA
Joe_FC_11112022_0930	2024-03-18T21:45:27Z	Joe_FC_11112022_0930.MP4	696.96	Media file(s)	player #1:H:/Individual recognition vids/Blind videos/NL94.MP4	0	696.96	25	Joe	FC	NA	2022-09-11T10:00:00Z	Outer periphery	Sunny	KLF	Recruitment	2m	NA	HSH	Reaction	NA	POINT	318.88	H:/Individual recognition vids/Blind videos/NL94.MP4	7972	NA	NA
Joe_FC_11112022_0930	2024-03-18T21:45:27Z	Joe_FC_11112022_0930.MP4	696.96	Media file(s)	player #1:H:/Individual recognition vids/Blind videos/NL94.MP4	0	696.96	25	Joe	FC	NA	2022-09-11T10:00:00Z	Outer periphery	Sunny	KLF	Recruitment	2m	NA	Look	Reaction	At speaker	POINT	319.44	H:/Individual recognition vids/Blind videos/NL94.MP4	7986	NA	NA
Joe_FC_11112022_0930	2024-03-18T21:45:27Z	Joe_FC_11112022_0930.MP4	696.96	Media file(s)	player #1:H:/Individual recognition vids/Blind videos/NL94.MP4	0	696.96	25	Joe	FC	NA	2022-09-11T10:00:00Z	Outer periphery	Sunny	KLF	Recruitment	2m	NA	Voc	Reaction	Contact	POINT	321.64	H:/Individual recognition vids/Blind videos/NL94.MP4	8041	NA	NA
Joe_FC_11112022_0930	2024-03-18T21:45:27Z	Joe_FC_11112022_0930.MP4	696.96	Media file(s)	player #1:H:/Individual recognition vids/Blind videos/NL94.MP4	0	696.96	25	Joe	FC	NA	2022-09-11T10:00:00Z	Outer periphery	Sunny	KLF	Recruitment	2m	NA	Vig	Time budget	Mid neck	STOP	321.719	H:/Individual recognition vids/Blind videos/NL94.MP4	NA	NA	NA
Joe_FC_11112022_0930	2024-03-18T21:45:27Z	Joe_FC_11112022_0930.MP4	696.96	Media file(s)	player #1:H:/Individual recognition vids/Blind videos/NL94.MP4	0	696.96	25	Joe	FC	NA	2022-09-11T10:00:00Z	Outer periphery	Sunny	KLF	Recruitment	2m	NA	Eat	Time budget	With kin	START	321.72	H:/Individual recognition vids/Blind videos/NL94.MP4	8043	NA	NA
Joe_FC_11112022_0930	2024-03-18T21:45:27Z	Joe_FC_11112022_0930.MP4	696.96	Media file(s)	player #1:H:/Individual recognition vids/Blind videos/NL94.MP4	0	696.96	25	Joe	FC	NA	2022-09-11T10:00:00Z	Outer periphery	Sunny	KLF	Recruitment	2m	NA	Hab	Playback phase	NA	STOP	326.96	H:/Individual recognition vids/Blind videos/NL94.MP4	8174	NA	NA
Joe_FC_11112022_0930	2024-03-18T21:45:27Z	Joe_FC_11112022_0930.MP4	696.96	Media file(s)	player #1:H:/Individual recognition vids/Blind videos/NL94.MP4	0	696.96	25	Joe	FC	NA	2022-09-11T10:00:00Z	Outer periphery	Sunny	KLF	Recruitment	2m	NA	Eat	Time budget	With kin	STOP	332.399	H:/Individual recognition vids/Blind videos/NL94.MP4	NA	NA	NA
Joe_FC_11112022_0930	2024-03-18T21:45:27Z	Joe_FC_11112022_0930.MP4	696.96	Media file(s)	player #1:H:/Individual recognition vids/Blind videos/NL94.MP4	0	696.96	25	Joe	FC	NA	2022-09-11T10:00:00Z	Outer periphery	Sunny	KLF	Recruitment	2m	NA	Look	Reaction	Away from speaker	POINT	332.4	H:/Individual recognition vids/Blind videos/NL94.MP4	8310	NA	NA
Joe_FC_11112022_0930	2024-03-18T21:45:27Z	Joe_FC_11112022_0930.MP4	696.96	Media file(s)	player #1:H:/Individual recognition vids/Blind videos/NL94.MP4	0	696.96	25	Joe	FC	NA	2022-09-11T10:00:00Z	Outer periphery	Sunny	KLF	Recruitment	2m	NA	Vig	Time budget	Mid neck	START	332.4	H:/Individual recognition vids/Blind videos/NL94.MP4	8310	NA	NA
Joe_FC_11112022_0930	2024-03-18T21:45:27Z	Joe_FC_11112022_0930.MP4	696.96	Media file(s)	player #1:H:/Individual recognition vids/Blind videos/NL94.MP4	0	696.96	25	Joe	FC	NA	2022-09-11T10:00:00Z	Outer periphery	Sunny	KLF	Recruitment	2m	NA	FVO	Reaction	Other	POINT	333.04	H:/Individual recognition vids/Blind videos/NL94.MP4	8326	NA	NA
Joe_FC_11112022_0930	2024-03-18T21:45:27Z	Joe_FC_11112022_0930.MP4	696.96	Media file(s)	player #1:H:/Individual recognition vids/Blind videos/NL94.MP4	0	696.96	25	Joe	FC	NA	2022-09-11T10:00:00Z	Outer periphery	Sunny	KLF	Recruitment	2m	NA	Voc	Reaction	Contact	POINT	333.64	H:/Individual recognition vids/Blind videos/NL94.MP4	8341	NA	NA
Joe_FC_11112022_0930	2024-03-18T21:45:27Z	Joe_FC_11112022_0930.MP4	696.96	Media file(s)	player #1:H:/Individual recognition vids/Blind videos/NL94.MP4	0	696.96	25	Joe	FC	NA	2022-09-11T10:00:00Z	Outer periphery	Sunny	KLF	Recruitment	2m	NA	Vig	Time budget	Mid neck	STOP	334.839	H:/Individual recognition vids/Blind videos/NL94.MP4	NA	NA	NA
Joe_FC_11112022_0930	2024-03-18T21:45:27Z	Joe_FC_11112022_0930.MP4	696.96	Media file(s)	player #1:H:/Individual recognition vids/Blind videos/NL94.MP4	0	696.96	25	Joe	FC	NA	2022-09-11T10:00:00Z	Outer periphery	Sunny	KLF	Recruitment	2m	NA	Eat	Time budget	With kin	START	334.84	H:/Individual recognition vids/Blind videos/NL94.MP4	8371	NA	NA
Joe_FC_11112022_0930	2024-03-18T21:45:27Z	Joe_FC_11112022_0930.MP4	696.96	Media file(s)	player #1:H:/Individual recognition vids/Blind videos/NL94.MP4	0	696.96	25	Joe	FC	NA	2022-09-11T10:00:00Z	Outer periphery	Sunny	KLF	Recruitment	2m	NA	HSH	Reaction	NA	POINT	352	H:/Individual recognition vids/Blind videos/NL94.MP4	8800	NA	NA
Joe_FC_11112022_0930	2024-03-18T21:45:27Z	Joe_FC_11112022_0930.MP4	696.96	Media file(s)	player #1:H:/Individual recognition vids/Blind videos/NL94.MP4	0	696.96	25	Joe	FC	NA	2022-09-11T10:00:00Z	Outer periphery	Sunny	KLF	Recruitment	2m	NA	FVO	Reaction	Other	POINT	366.04	H:/Individual recognition vids/Blind videos/NL94.MP4	9151	NA	NA
Joe_FC_11112022_0930	2024-03-18T21:45:27Z	Joe_FC_11112022_0930.MP4	696.96	Media file(s)	player #1:H:/Individual recognition vids/Blind videos/NL94.MP4	0	696.96	25	Joe	FC	NA	2022-09-11T10:00:00Z	Outer periphery	Sunny	KLF	Recruitment	2m	NA	FVO	Reaction	Other	POINT	369.4	H:/Individual recognition vids/Blind videos/NL94.MP4	9235	NA	NA
Joe_FC_11112022_0930	2024-03-18T21:45:27Z	Joe_FC_11112022_0930.MP4	696.96	Media file(s)	player #1:H:/Individual recognition vids/Blind videos/NL94.MP4	0	696.96	25	Joe	FC	NA	2022-09-11T10:00:00Z	Outer periphery	Sunny	KLF	Recruitment	2m	NA	FVO	Reaction	Other	POINT	374.24	H:/Individual recognition vids/Blind videos/NL94.MP4	9356	NA	NA
Joe_FC_11112022_0930	2024-03-18T21:45:27Z	Joe_FC_11112022_0930.MP4	696.96	Media file(s)	player #1:H:/Individual recognition vids/Blind videos/NL94.MP4	0	696.96	25	Joe	FC	NA	2022-09-11T10:00:00Z	Outer periphery	Sunny	KLF	Recruitment	2m	NA	Dhb	Playback phase	NA	START	376.2	H:/Individual recognition vids/Blind videos/NL94.MP4	9405	NA	NA
Joe_FC_11112022_0930	2024-03-18T21:45:27Z	Joe_FC_11112022_0930.MP4	696.96	Media file(s)	player #1:H:/Individual recognition vids/Blind videos/NL94.MP4	0	696.96	25	Joe	FC	NA	2022-09-11T10:00:00Z	Outer periphery	Sunny	KLF	Recruitment	2m	NA	Eat	Time budget	With kin	STOP	391.919	H:/Individual recognition vids/Blind videos/NL94.MP4	NA	NA	NA
Joe_FC_11112022_0930	2024-03-18T21:45:27Z	Joe_FC_11112022_0930.MP4	696.96	Media file(s)	player #1:H:/Individual recognition vids/Blind videos/NL94.MP4	0	696.96	25	Joe	FC	NA	2022-09-11T10:00:00Z	Outer periphery	Sunny	KLF	Recruitment	2m	NA	Vig	Time budget	Mid neck	START	391.92	H:/Individual recognition vids/Blind videos/NL94.MP4	9798	NA	NA
Joe_FC_11112022_0930	2024-03-18T21:45:27Z	Joe_FC_11112022_0930.MP4	696.96	Media file(s)	player #1:H:/Individual recognition vids/Blind videos/NL94.MP4	0	696.96	25	Joe	FC	NA	2022-09-11T10:00:00Z	Outer periphery	Sunny	KLF	Recruitment	2m	NA	Look	Reaction	Away from speaker	POINT	392.52	H:/Individual recognition vids/Blind videos/NL94.MP4	9813	NA	NA
Joe_FC_11112022_0930	2024-03-18T21:45:27Z	Joe_FC_11112022_0930.MP4	696.96	Media file(s)	player #1:H:/Individual recognition vids/Blind videos/NL94.MP4	0	696.96	25	Joe	FC	NA	2022-09-11T10:00:00Z	Outer periphery	Sunny	KLF	Recruitment	2m	NA	Look	Reaction	Away from speaker	POINT	393.96	H:/Individual recognition vids/Blind videos/NL94.MP4	9849	NA	NA
Joe_FC_11112022_0930	2024-03-18T21:45:27Z	Joe_FC_11112022_0930.MP4	696.96	Media file(s)	player #1:H:/Individual recognition vids/Blind videos/NL94.MP4	0	696.96	25	Joe	FC	NA	2022-09-11T10:00:00Z	Outer periphery	Sunny	KLF	Recruitment	2m	NA	Vig	Time budget	Mid neck	STOP	394.959	H:/Individual recognition vids/Blind videos/NL94.MP4	NA	NA	NA
Joe_FC_11112022_0930	2024-03-18T21:45:27Z	Joe_FC_11112022_0930.MP4	696.96	Media file(s)	player #1:H:/Individual recognition vids/Blind videos/NL94.MP4	0	696.96	25	Joe	FC	NA	2022-09-11T10:00:00Z	Outer periphery	Sunny	KLF	Recruitment	2m	NA	Eat	Time budget	With kin	START	394.96	H:/Individual recognition vids/Blind videos/NL94.MP4	9874	NA	NA
Joe_FC_11112022_0930	2024-03-18T21:45:27Z	Joe_FC_11112022_0930.MP4	696.96	Media file(s)	player #1:H:/Individual recognition vids/Blind videos/NL94.MP4	0	696.96	25	Joe	FC	NA	2022-09-11T10:00:00Z	Outer periphery	Sunny	KLF	Recruitment	2m	NA	FVO	Reaction	Other	POINT	401.44	H:/Individual recognition vids/Blind videos/NL94.MP4	10036	NA	NA
Joe_FC_11112022_0930	2024-03-18T21:45:27Z	Joe_FC_11112022_0930.MP4	696.96	Media file(s)	player #1:H:/Individual recognition vids/Blind videos/NL94.MP4	0	696.96	25	Joe	FC	NA	2022-09-11T10:00:00Z	Outer periphery	Sunny	KLF	Recruitment	2m	NA	HSH	Reaction	NA	POINT	404.16	H:/Individual recognition vids/Blind videos/NL94.MP4	10104	NA	NA
Joe_FC_11112022_0930	2024-03-18T21:45:27Z	Joe_FC_11112022_0930.MP4	696.96	Media file(s)	player #1:H:/Individual recognition vids/Blind videos/NL94.MP4	0	696.96	25	Joe	FC	NA	2022-09-11T10:00:00Z	Outer periphery	Sunny	KLF	Recruitment	2m	NA	Look	Reaction	At speaker	POINT	405.16	H:/Individual recognition vids/Blind videos/NL94.MP4	10129	NA	NA
Joe_FC_11112022_0930	2024-03-18T21:45:27Z	Joe_FC_11112022_0930.MP4	696.96	Media file(s)	player #1:H:/Individual recognition vids/Blind videos/NL94.MP4	0	696.96	25	Joe	FC	NA	2022-09-11T10:00:00Z	Outer periphery	Sunny	KLF	Recruitment	2m	NA	Eat	Time budget	With kin	STOP	417.319	H:/Individual recognition vids/Blind videos/NL94.MP4	NA	NA	NA
Joe_FC_11112022_0930	2024-03-18T21:45:27Z	Joe_FC_11112022_0930.MP4	696.96	Media file(s)	player #1:H:/Individual recognition vids/Blind videos/NL94.MP4	0	696.96	25	Joe	FC	NA	2022-09-11T10:00:00Z	Outer periphery	Sunny	KLF	Recruitment	2m	NA	Vig	Time budget	Short Neck	START	417.32	H:/Individual recognition vids/Blind videos/NL94.MP4	10433	NA	NA
Joe_FC_11112022_0930	2024-03-18T21:45:27Z	Joe_FC_11112022_0930.MP4	696.96	Media file(s)	player #1:H:/Individual recognition vids/Blind videos/NL94.MP4	0	696.96	25	Joe	FC	NA	2022-09-11T10:00:00Z	Outer periphery	Sunny	KLF	Recruitment	2m	NA	Look	Reaction	Away from speaker	POINT	417.52	H:/Individual recognition vids/Blind videos/NL94.MP4	10438	NA	NA
Joe_FC_11112022_0930	2024-03-18T21:45:27Z	Joe_FC_11112022_0930.MP4	696.96	Media file(s)	player #1:H:/Individual recognition vids/Blind videos/NL94.MP4	0	696.96	25	Joe	FC	NA	2022-09-11T10:00:00Z	Outer periphery	Sunny	KLF	Recruitment	2m	NA	Voc	Reaction	Contact	POINT	418.44	H:/Individual recognition vids/Blind videos/NL94.MP4	10461	NA	NA
Joe_FC_11112022_0930	2024-03-18T21:45:27Z	Joe_FC_11112022_0930.MP4	696.96	Media file(s)	player #1:H:/Individual recognition vids/Blind videos/NL94.MP4	0	696.96	25	Joe	FC	NA	2022-09-11T10:00:00Z	Outer periphery	Sunny	KLF	Recruitment	2m	NA	Look	Reaction	Away from speaker	POINT	419.36	H:/Individual recognition vids/Blind videos/NL94.MP4	10484	NA	NA
Joe_FC_11112022_0930	2024-03-18T21:45:27Z	Joe_FC_11112022_0930.MP4	696.96	Media file(s)	player #1:H:/Individual recognition vids/Blind videos/NL94.MP4	0	696.96	25	Joe	FC	NA	2022-09-11T10:00:00Z	Outer periphery	Sunny	KLF	Recruitment	2m	NA	Look	Reaction	Away from speaker	POINT	420.96	H:/Individual recognition vids/Blind videos/NL94.MP4	10524	NA	NA
Joe_FC_11112022_0930	2024-03-18T21:45:27Z	Joe_FC_11112022_0930.MP4	696.96	Media file(s)	player #1:H:/Individual recognition vids/Blind videos/NL94.MP4	0	696.96	25	Joe	FC	NA	2022-09-11T10:00:00Z	Outer periphery	Sunny	KLF	Recruitment	2m	NA	Mov	Locomotion	Away from speaker	START	421.88	H:/Individual recognition vids/Blind videos/NL94.MP4	10547	NA	NA
Joe_FC_11112022_0930	2024-03-18T21:45:27Z	Joe_FC_11112022_0930.MP4	696.96	Media file(s)	player #1:H:/Individual recognition vids/Blind videos/NL94.MP4	0	696.96	25	Joe	FC	NA	2022-09-11T10:00:00Z	Outer periphery	Sunny	KLF	Recruitment	2m	NA	Voc	Reaction	Contact	POINT	425.64	H:/Individual recognition vids/Blind videos/NL94.MP4	10641	NA	NA
Joe_FC_11112022_0930	2024-03-18T21:45:27Z	Joe_FC_11112022_0930.MP4	696.96	Media file(s)	player #1:H:/Individual recognition vids/Blind videos/NL94.MP4	0	696.96	25	Joe	FC	NA	2022-09-11T10:00:00Z	Outer periphery	Sunny	KLF	Recruitment	2m	NA	HSH	Reaction	NA	POINT	429.92	H:/Individual recognition vids/Blind videos/NL94.MP4	10748	NA	NA
Joe_FC_11112022_0930	2024-03-18T21:45:27Z	Joe_FC_11112022_0930.MP4	696.96	Media file(s)	player #1:H:/Individual recognition vids/Blind videos/NL94.MP4	0	696.96	25	Joe	FC	NA	2022-09-11T10:00:00Z	Outer periphery	Sunny	KLF	Recruitment	2m	NA	Mov	Locomotion	Away from speaker	STOP	431.32	H:/Individual recognition vids/Blind videos/NL94.MP4	10783	NA	NA
Joe_FC_11112022_0930	2024-03-18T21:45:27Z	Joe_FC_11112022_0930.MP4	696.96	Media file(s)	player #1:H:/Individual recognition vids/Blind videos/NL94.MP4	0	696.96	25	Joe	FC	NA	2022-09-11T10:00:00Z	Outer periphery	Sunny	KLF	Recruitment	2m	NA	Vig	Time budget	Short Neck	STOP	432.799	H:/Individual recognition vids/Blind videos/NL94.MP4	NA	NA	NA
Joe_FC_11112022_0930	2024-03-18T21:45:27Z	Joe_FC_11112022_0930.MP4	696.96	Media file(s)	player #1:H:/Individual recognition vids/Blind videos/NL94.MP4	0	696.96	25	Joe	FC	NA	2022-09-11T10:00:00Z	Outer periphery	Sunny	KLF	Recruitment	2m	NA	Pre	Time budget	With kin	START	432.8	H:/Individual recognition vids/Blind videos/NL94.MP4	10820	NA	NA
Joe_FC_11112022_0930	2024-03-18T21:45:27Z	Joe_FC_11112022_0930.MP4	696.96	Media file(s)	player #1:H:/Individual recognition vids/Blind videos/NL94.MP4	0	696.96	25	Joe	FC	NA	2022-09-11T10:00:00Z	Outer periphery	Sunny	KLF	Recruitment	2m	NA	FVO	Reaction	Other	POINT	433.32	H:/Individual recognition vids/Blind videos/NL94.MP4	10833	NA	NA
Joe_FC_11112022_0930	2024-03-18T21:45:27Z	Joe_FC_11112022_0930.MP4	696.96	Media file(s)	player #1:H:/Individual recognition vids/Blind videos/NL94.MP4	0	696.96	25	Joe	FC	NA	2022-09-11T10:00:00Z	Outer periphery	Sunny	KLF	Recruitment	2m	NA	Look	Reaction	Away from speaker	POINT	438.8	H:/Individual recognition vids/Blind videos/NL94.MP4	10970	NA	NA
Joe_FC_11112022_0930	2024-03-18T21:45:27Z	Joe_FC_11112022_0930.MP4	696.96	Media file(s)	player #1:H:/Individual recognition vids/Blind videos/NL94.MP4	0	696.96	25	Joe	FC	NA	2022-09-11T10:00:00Z	Outer periphery	Sunny	KLF	Recruitment	2m	NA	Pre	Time budget	With kin	STOP	439.519	H:/Individual recognition vids/Blind videos/NL94.MP4	NA	NA	NA
Joe_FC_11112022_0930	2024-03-18T21:45:27Z	Joe_FC_11112022_0930.MP4	696.96	Media file(s)	player #1:H:/Individual recognition vids/Blind videos/NL94.MP4	0	696.96	25	Joe	FC	NA	2022-09-11T10:00:00Z	Outer periphery	Sunny	KLF	Recruitment	2m	NA	Vig	Time budget	Mid neck	START	439.52	H:/Individual recognition vids/Blind videos/NL94.MP4	10988	NA	NA
Joe_FC_11112022_0930	2024-03-18T21:45:27Z	Joe_FC_11112022_0930.MP4	696.96	Media file(s)	player #1:H:/Individual recognition vids/Blind videos/NL94.MP4	0	696.96	25	Joe	FC	NA	2022-09-11T10:00:00Z	Outer periphery	Sunny	KLF	Recruitment	2m	NA	Mov	Locomotion	Away from speaker	START	440.84	H:/Individual recognition vids/Blind videos/NL94.MP4	11021	NA	NA
Joe_FC_11112022_0930	2024-03-18T21:45:27Z	Joe_FC_11112022_0930.MP4	696.96	Media file(s)	player #1:H:/Individual recognition vids/Blind videos/NL94.MP4	0	696.96	25	Joe	FC	NA	2022-09-11T10:00:00Z	Outer periphery	Sunny	KLF	Recruitment	2m	NA	Fllw	Interaction	Kin	POINT	441.36	H:/Individual recognition vids/Blind videos/NL94.MP4	11034	NA	NA
Joe_FC_11112022_0930	2024-03-18T21:45:27Z	Joe_FC_11112022_0930.MP4	696.96	Media file(s)	player #1:H:/Individual recognition vids/Blind videos/NL94.MP4	0	696.96	25	Joe	FC	NA	2022-09-11T10:00:00Z	Outer periphery	Sunny	KLF	Recruitment	2m	NA	Agn	Interaction	Towards other	POINT	445.36	H:/Individual recognition vids/Blind videos/NL94.MP4	11134	NA	NA
Joe_FC_11112022_0930	2024-03-18T21:45:27Z	Joe_FC_11112022_0930.MP4	696.96	Media file(s)	player #1:H:/Individual recognition vids/Blind videos/NL94.MP4	0	696.96	25	Joe	FC	NA	2022-09-11T10:00:00Z	Outer periphery	Sunny	KLF	Recruitment	2m	NA	Voc	Reaction	Contact	POINT	445.4	H:/Individual recognition vids/Blind videos/NL94.MP4	11135	NA	NA
Joe_FC_11112022_0930	2024-03-18T21:45:27Z	Joe_FC_11112022_0930.MP4	696.96	Media file(s)	player #1:H:/Individual recognition vids/Blind videos/NL94.MP4	0	696.96	25	Joe	FC	NA	2022-09-11T10:00:00Z	Outer periphery	Sunny	KLF	Recruitment	2m	NA	Look	Reaction	Away from speaker	POINT	446.2	H:/Individual recognition vids/Blind videos/NL94.MP4	11155	NA	NA
Joe_FC_11112022_0930	2024-03-18T21:45:27Z	Joe_FC_11112022_0930.MP4	696.96	Media file(s)	player #1:H:/Individual recognition vids/Blind videos/NL94.MP4	0	696.96	25	Joe	FC	NA	2022-09-11T10:00:00Z	Outer periphery	Sunny	KLF	Recruitment	2m	NA	FVO	Reaction	Distance	POINT	447.96	H:/Individual recognition vids/Blind videos/NL94.MP4	11199	NA	NA
Joe_FC_11112022_0930	2024-03-18T21:45:27Z	Joe_FC_11112022_0930.MP4	696.96	Media file(s)	player #1:H:/Individual recognition vids/Blind videos/NL94.MP4	0	696.96	25	Joe	FC	NA	2022-09-11T10:00:00Z	Outer periphery	Sunny	KLF	Recruitment	2m	NA	Agn	Interaction	Towards other	POINT	449.24	H:/Individual recognition vids/Blind videos/NL94.MP4	11231	NA	NA
Joe_FC_11112022_0930	2024-03-18T21:45:27Z	Joe_FC_11112022_0930.MP4	696.96	Media file(s)	player #1:H:/Individual recognition vids/Blind videos/NL94.MP4	0	696.96	25	Joe	FC	NA	2022-09-11T10:00:00Z	Outer periphery	Sunny	KLF	Recruitment	2m	NA	FVO	Reaction	Distance	POINT	449.28	H:/Individual recognition vids/Blind videos/NL94.MP4	11232	NA	NA
Joe_FC_11112022_0930	2024-03-18T21:45:27Z	Joe_FC_11112022_0930.MP4	696.96	Media file(s)	player #1:H:/Individual recognition vids/Blind videos/NL94.MP4	0	696.96	25	Joe	FC	NA	2022-09-11T10:00:00Z	Outer periphery	Sunny	KLF	Recruitment	2m	NA	Voc	Reaction	Other	POINT	452.6	H:/Individual recognition vids/Blind videos/NL94.MP4	11315	NA	Greeting mate
Joe_FC_11112022_0930	2024-03-18T21:45:27Z	Joe_FC_11112022_0930.MP4	696.96	Media file(s)	player #1:H:/Individual recognition vids/Blind videos/NL94.MP4	0	696.96	25	Joe	FC	NA	2022-09-11T10:00:00Z	Outer periphery	Sunny	KLF	Recruitment	2m	NA	Voc	Reaction	Other	POINT	453.8	H:/Individual recognition vids/Blind videos/NL94.MP4	11345	NA	Greeting mate
Joe_FC_11112022_0930	2024-03-18T21:45:27Z	Joe_FC_11112022_0930.MP4	696.96	Media file(s)	player #1:H:/Individual recognition vids/Blind videos/NL94.MP4	0	696.96	25	Joe	FC	NA	2022-09-11T10:00:00Z	Outer periphery	Sunny	KLF	Recruitment	2m	NA	Voc	Reaction	Other	POINT	455.08	H:/Individual recognition vids/Blind videos/NL94.MP4	11377	NA	Greeting mate
Joe_FC_11112022_0930	2024-03-18T21:45:27Z	Joe_FC_11112022_0930.MP4	696.96	Media file(s)	player #1:H:/Individual recognition vids/Blind videos/NL94.MP4	0	696.96	25	Joe	FC	NA	2022-09-11T10:00:00Z	Outer periphery	Sunny	KLF	Recruitment	2m	NA	Mov	Locomotion	Away from speaker	STOP	455.52	H:/Individual recognition vids/Blind videos/NL94.MP4	11388	NA	NA
Joe_FC_11112022_0930	2024-03-18T21:45:27Z	Joe_FC_11112022_0930.MP4	696.96	Media file(s)	player #1:H:/Individual recognition vids/Blind videos/NL94.MP4	0	696.96	25	Joe	FC	NA	2022-09-11T10:00:00Z	Outer periphery	Sunny	KLF	Recruitment	2m	NA	FVO	Reaction	Distance	POINT	455.8	H:/Individual recognition vids/Blind videos/NL94.MP4	11395	NA	NA
Joe_FC_11112022_0930	2024-03-18T21:45:27Z	Joe_FC_11112022_0930.MP4	696.96	Media file(s)	player #1:H:/Individual recognition vids/Blind videos/NL94.MP4	0	696.96	25	Joe	FC	NA	2022-09-11T10:00:00Z	Outer periphery	Sunny	KLF	Recruitment	2m	NA	Voc	Reaction	Other	POINT	457.4	H:/Individual recognition vids/Blind videos/NL94.MP4	11435	NA	Greeting mate
Joe_FC_11112022_0930	2024-03-18T21:45:27Z	Joe_FC_11112022_0930.MP4	696.96	Media file(s)	player #1:H:/Individual recognition vids/Blind videos/NL94.MP4	0	696.96	25	Joe	FC	NA	2022-09-11T10:00:00Z	Outer periphery	Sunny	KLF	Recruitment	2m	NA	Voc	Reaction	Other	POINT	459.8	H:/Individual recognition vids/Blind videos/NL94.MP4	11495	NA	Greeting mate
Joe_FC_11112022_0930	2024-03-18T21:45:27Z	Joe_FC_11112022_0930.MP4	696.96	Media file(s)	player #1:H:/Individual recognition vids/Blind videos/NL94.MP4	0	696.96	25	Joe	FC	NA	2022-09-11T10:00:00Z	Outer periphery	Sunny	KLF	Recruitment	2m	NA	Voc	Reaction	Other	POINT	461.52	H:/Individual recognition vids/Blind videos/NL94.MP4	11538	NA	Greeting mate
Joe_FC_11112022_0930	2024-03-18T21:45:27Z	Joe_FC_11112022_0930.MP4	696.96	Media file(s)	player #1:H:/Individual recognition vids/Blind videos/NL94.MP4	0	696.96	25	Joe	FC	NA	2022-09-11T10:00:00Z	Outer periphery	Sunny	KLF	Recruitment	2m	NA	Look	Reaction	Away from speaker	POINT	464.4	H:/Individual recognition vids/Blind videos/NL94.MP4	11610	NA	NA
Joe_FC_11112022_0930	2024-03-18T21:45:27Z	Joe_FC_11112022_0930.MP4	696.96	Media file(s)	player #1:H:/Individual recognition vids/Blind videos/NL94.MP4	0	696.96	25	Joe	FC	NA	2022-09-11T10:00:00Z	Outer periphery	Sunny	KLF	Recruitment	2m	NA	Voc	Reaction	Other	POINT	464.72	H:/Individual recognition vids/Blind videos/NL94.MP4	11618	NA	Greeting mate
Joe_FC_11112022_0930	2024-03-18T21:45:27Z	Joe_FC_11112022_0930.MP4	696.96	Media file(s)	player #1:H:/Individual recognition vids/Blind videos/NL94.MP4	0	696.96	25	Joe	FC	NA	2022-09-11T10:00:00Z	Outer periphery	Sunny	KLF	Recruitment	2m	NA	Mov	Locomotion	Away from speaker	START	466.4	H:/Individual recognition vids/Blind videos/NL94.MP4	11660	NA	NA
Joe_FC_11112022_0930	2024-03-18T21:45:27Z	Joe_FC_11112022_0930.MP4	696.96	Media file(s)	player #1:H:/Individual recognition vids/Blind videos/NL94.MP4	0	696.96	25	Joe	FC	NA	2022-09-11T10:00:00Z	Outer periphery	Sunny	KLF	Recruitment	2m	NA	Fllw	Interaction	Kin	POINT	467.76	H:/Individual recognition vids/Blind videos/NL94.MP4	11694	NA	NA
Joe_FC_11112022_0930	2024-03-18T21:45:27Z	Joe_FC_11112022_0930.MP4	696.96	Media file(s)	player #1:H:/Individual recognition vids/Blind videos/NL94.MP4	0	696.96	25	Joe	FC	NA	2022-09-11T10:00:00Z	Outer periphery	Sunny	KLF	Recruitment	2m	NA	Voc	Reaction	Contact	POINT	468.72	H:/Individual recognition vids/Blind videos/NL94.MP4	11718	NA	NA
Joe_FC_11112022_0930	2024-03-18T21:45:27Z	Joe_FC_11112022_0930.MP4	696.96	Media file(s)	player #1:H:/Individual recognition vids/Blind videos/NL94.MP4	0	696.96	25	Joe	FC	NA	2022-09-11T10:00:00Z	Outer periphery	Sunny	KLF	Recruitment	2m	NA	FVO	Reaction	Distance	POINT	470.84	H:/Individual recognition vids/Blind videos/NL94.MP4	11771	NA	NA
Joe_FC_11112022_0930	2024-03-18T21:45:27Z	Joe_FC_11112022_0930.MP4	696.96	Media file(s)	player #1:H:/Individual recognition vids/Blind videos/NL94.MP4	0	696.96	25	Joe	FC	NA	2022-09-11T10:00:00Z	Outer periphery	Sunny	KLF	Recruitment	2m	NA	Voc	Reaction	Other	POINT	471.6	H:/Individual recognition vids/Blind videos/NL94.MP4	11791	NA	Greeting mate
Joe_FC_11112022_0930	2024-03-18T21:45:27Z	Joe_FC_11112022_0930.MP4	696.96	Media file(s)	player #1:H:/Individual recognition vids/Blind videos/NL94.MP4	0	696.96	25	Joe	FC	NA	2022-09-11T10:00:00Z	Outer periphery	Sunny	KLF	Recruitment	2m	NA	FVO	Reaction	Distance	POINT	473.24	H:/Individual recognition vids/Blind videos/NL94.MP4	11831	NA	NA
Joe_FC_11112022_0930	2024-03-18T21:45:27Z	Joe_FC_11112022_0930.MP4	696.96	Media file(s)	player #1:H:/Individual recognition vids/Blind videos/NL94.MP4	0	696.96	25	Joe	FC	NA	2022-09-11T10:00:00Z	Outer periphery	Sunny	KLF	Recruitment	2m	NA	Mov	Locomotion	Away from speaker	STOP	477.8	H:/Individual recognition vids/Blind videos/NL94.MP4	11945	NA	NA
Joe_FC_11112022_0930	2024-03-18T21:45:27Z	Joe_FC_11112022_0930.MP4	696.96	Media file(s)	player #1:H:/Individual recognition vids/Blind videos/NL94.MP4	0	696.96	25	Joe	FC	NA	2022-09-11T10:00:00Z	Outer periphery	Sunny	KLF	Recruitment	2m	NA	Voc	Reaction	Contact	POINT	479.28	H:/Individual recognition vids/Blind videos/NL94.MP4	11982	NA	NA
Joe_FC_11112022_0930	2024-03-18T21:45:27Z	Joe_FC_11112022_0930.MP4	696.96	Media file(s)	player #1:H:/Individual recognition vids/Blind videos/NL94.MP4	0	696.96	25	Joe	FC	NA	2022-09-11T10:00:00Z	Outer periphery	Sunny	KLF	Recruitment	2m	NA	Look	Reaction	Away from speaker	POINT	479.96	H:/Individual recognition vids/Blind videos/NL94.MP4	11999	NA	NA
Joe_FC_11112022_0930	2024-03-18T21:45:27Z	Joe_FC_11112022_0930.MP4	696.96	Media file(s)	player #1:H:/Individual recognition vids/Blind videos/NL94.MP4	0	696.96	25	Joe	FC	NA	2022-09-11T10:00:00Z	Outer periphery	Sunny	KLF	Recruitment	2m	NA	HSH	Reaction	NA	POINT	481.12	H:/Individual recognition vids/Blind videos/NL94.MP4	12028	NA	NA
Joe_FC_11112022_0930	2024-03-18T21:45:27Z	Joe_FC_11112022_0930.MP4	696.96	Media file(s)	player #1:H:/Individual recognition vids/Blind videos/NL94.MP4	0	696.96	25	Joe	FC	NA	2022-09-11T10:00:00Z	Outer periphery	Sunny	KLF	Recruitment	2m	NA	Look	Reaction	Away from speaker	POINT	481.84	H:/Individual recognition vids/Blind videos/NL94.MP4	12046	NA	NA
Joe_FC_11112022_0930	2024-03-18T21:45:27Z	Joe_FC_11112022_0930.MP4	696.96	Media file(s)	player #1:H:/Individual recognition vids/Blind videos/NL94.MP4	0	696.96	25	Joe	FC	NA	2022-09-11T10:00:00Z	Outer periphery	Sunny	KLF	Recruitment	2m	NA	Look	Reaction	Away from speaker	POINT	485.08	H:/Individual recognition vids/Blind videos/NL94.MP4	12127	NA	NA
Joe_FC_11112022_0930	2024-03-18T21:45:27Z	Joe_FC_11112022_0930.MP4	696.96	Media file(s)	player #1:H:/Individual recognition vids/Blind videos/NL94.MP4	0	696.96	25	Joe	FC	NA	2022-09-11T10:00:00Z	Outer periphery	Sunny	KLF	Recruitment	2m	NA	Voc	Reaction	Contact	POINT	485.84	H:/Individual recognition vids/Blind videos/NL94.MP4	12146	NA	NA
Joe_FC_11112022_0930	2024-03-18T21:45:27Z	Joe_FC_11112022_0930.MP4	696.96	Media file(s)	player #1:H:/Individual recognition vids/Blind videos/NL94.MP4	0	696.96	25	Joe	FC	NA	2022-09-11T10:00:00Z	Outer periphery	Sunny	KLF	Recruitment	2m	NA	Look	Reaction	Away from speaker	POINT	486.92	H:/Individual recognition vids/Blind videos/NL94.MP4	12173	NA	NA
Joe_FC_11112022_0930	2024-03-18T21:45:27Z	Joe_FC_11112022_0930.MP4	696.96	Media file(s)	player #1:H:/Individual recognition vids/Blind videos/NL94.MP4	0	696.96	25	Joe	FC	NA	2022-09-11T10:00:00Z	Outer periphery	Sunny	KLF	Recruitment	2m	NA	Look	Reaction	At speaker	POINT	488.8	H:/Individual recognition vids/Blind videos/NL94.MP4	12220	NA	NA
Joe_FC_11112022_0930	2024-03-18T21:45:27Z	Joe_FC_11112022_0930.MP4	696.96	Media file(s)	player #1:H:/Individual recognition vids/Blind videos/NL94.MP4	0	696.96	25	Joe	FC	NA	2022-09-11T10:00:00Z	Outer periphery	Sunny	KLF	Recruitment	2m	NA	Look	Reaction	Away from speaker	POINT	490.52	H:/Individual recognition vids/Blind videos/NL94.MP4	12263	NA	NA
Joe_FC_11112022_0930	2024-03-18T21:45:27Z	Joe_FC_11112022_0930.MP4	696.96	Media file(s)	player #1:H:/Individual recognition vids/Blind videos/NL94.MP4	0	696.96	25	Joe	FC	NA	2022-09-11T10:00:00Z	Outer periphery	Sunny	KLF	Recruitment	2m	NA	FVO	Reaction	Distance	POINT	492.08	H:/Individual recognition vids/Blind videos/NL94.MP4	12302	NA	NA
Joe_FC_11112022_0930	2024-03-18T21:45:27Z	Joe_FC_11112022_0930.MP4	696.96	Media file(s)	player #1:H:/Individual recognition vids/Blind videos/NL94.MP4	0	696.96	25	Joe	FC	NA	2022-09-11T10:00:00Z	Outer periphery	Sunny	KLF	Recruitment	2m	NA	Look	Reaction	Away from speaker	POINT	492.68	H:/Individual recognition vids/Blind videos/NL94.MP4	12317	NA	NA
Joe_FC_11112022_0930	2024-03-18T21:45:27Z	Joe_FC_11112022_0930.MP4	696.96	Media file(s)	player #1:H:/Individual recognition vids/Blind videos/NL94.MP4	0	696.96	25	Joe	FC	NA	2022-09-11T10:00:00Z	Outer periphery	Sunny	KLF	Recruitment	2m	NA	Look	Reaction	Away from speaker	POINT	495.4	H:/Individual recognition vids/Blind videos/NL94.MP4	12385	NA	NA
Joe_FC_11112022_0930	2024-03-18T21:45:27Z	Joe_FC_11112022_0930.MP4	696.96	Media file(s)	player #1:H:/Individual recognition vids/Blind videos/NL94.MP4	0	696.96	25	Joe	FC	NA	2022-09-11T10:00:00Z	Outer periphery	Sunny	KLF	Recruitment	2m	NA	Look	Reaction	Away from speaker	POINT	498.16	H:/Individual recognition vids/Blind videos/NL94.MP4	12454	NA	NA
Joe_FC_11112022_0930	2024-03-18T21:45:27Z	Joe_FC_11112022_0930.MP4	696.96	Media file(s)	player #1:H:/Individual recognition vids/Blind videos/NL94.MP4	0	696.96	25	Joe	FC	NA	2022-09-11T10:00:00Z	Outer periphery	Sunny	KLF	Recruitment	2m	NA	Vig	Time budget	Mid neck	STOP	499.36	H:/Individual recognition vids/Blind videos/NL94.MP4	12484	NA	NA
Joe_FC_11112022_0930	2024-03-18T21:45:27Z	Joe_FC_11112022_0930.MP4	696.96	Media file(s)	player #1:H:/Individual recognition vids/Blind videos/NL94.MP4	0	696.96	25	Joe	FC	NA	2022-09-11T10:00:00Z	Outer periphery	Sunny	KLF	Recruitment	2m	NA	Pre	Time budget	With kin	START	500.56	H:/Individual recognition vids/Blind videos/NL94.MP4	12514	NA	NA
Joe_FC_11112022_0930	2024-03-18T21:45:27Z	Joe_FC_11112022_0930.MP4	696.96	Media file(s)	player #1:H:/Individual recognition vids/Blind videos/NL94.MP4	0	696.96	25	Joe	FC	NA	2022-09-11T10:00:00Z	Outer periphery	Sunny	KLF	Recruitment	2m	NA	Pre	Time budget	With kin	STOP	510.599	H:/Individual recognition vids/Blind videos/NL94.MP4	NA	NA	NA
Joe_FC_11112022_0930	2024-03-18T21:45:27Z	Joe_FC_11112022_0930.MP4	696.96	Media file(s)	player #1:H:/Individual recognition vids/Blind videos/NL94.MP4	0	696.96	25	Joe	FC	NA	2022-09-11T10:00:00Z	Outer periphery	Sunny	KLF	Recruitment	2m	NA	Look	Reaction	Away from speaker	POINT	510.6	H:/Individual recognition vids/Blind videos/NL94.MP4	12765	NA	NA
Joe_FC_11112022_0930	2024-03-18T21:45:27Z	Joe_FC_11112022_0930.MP4	696.96	Media file(s)	player #1:H:/Individual recognition vids/Blind videos/NL94.MP4	0	696.96	25	Joe	FC	NA	2022-09-11T10:00:00Z	Outer periphery	Sunny	KLF	Recruitment	2m	NA	Vig	Time budget	Mid neck	START	510.6	H:/Individual recognition vids/Blind videos/NL94.MP4	12765	NA	NA
Joe_FC_11112022_0930	2024-03-18T21:45:27Z	Joe_FC_11112022_0930.MP4	696.96	Media file(s)	player #1:H:/Individual recognition vids/Blind videos/NL94.MP4	0	696.96	25	Joe	FC	NA	2022-09-11T10:00:00Z	Outer periphery	Sunny	KLF	Recruitment	2m	NA	Look	Reaction	Away from speaker	POINT	511.96	H:/Individual recognition vids/Blind videos/NL94.MP4	12799	NA	NA
Joe_FC_11112022_0930	2024-03-18T21:45:27Z	Joe_FC_11112022_0930.MP4	696.96	Media file(s)	player #1:H:/Individual recognition vids/Blind videos/NL94.MP4	0	696.96	25	Joe	FC	NA	2022-09-11T10:00:00Z	Outer periphery	Sunny	KLF	Recruitment	2m	NA	Look	Reaction	Away from speaker	POINT	513.28	H:/Individual recognition vids/Blind videos/NL94.MP4	12832	NA	NA
Joe_FC_11112022_0930	2024-03-18T21:45:27Z	Joe_FC_11112022_0930.MP4	696.96	Media file(s)	player #1:H:/Individual recognition vids/Blind videos/NL94.MP4	0	696.96	25	Joe	FC	NA	2022-09-11T10:00:00Z	Outer periphery	Sunny	KLF	Recruitment	2m	NA	Look	Reaction	At speaker	POINT	516.44	H:/Individual recognition vids/Blind videos/NL94.MP4	12911	NA	NA
Joe_FC_11112022_0930	2024-03-18T21:45:27Z	Joe_FC_11112022_0930.MP4	696.96	Media file(s)	player #1:H:/Individual recognition vids/Blind videos/NL94.MP4	0	696.96	25	Joe	FC	NA	2022-09-11T10:00:00Z	Outer periphery	Sunny	KLF	Recruitment	2m	NA	FVO	Reaction	Distance	POINT	516.72	H:/Individual recognition vids/Blind videos/NL94.MP4	12919	NA	NA
Joe_FC_11112022_0930	2024-03-18T21:45:27Z	Joe_FC_11112022_0930.MP4	696.96	Media file(s)	player #1:H:/Individual recognition vids/Blind videos/NL94.MP4	0	696.96	25	Joe	FC	NA	2022-09-11T10:00:00Z	Outer periphery	Sunny	KLF	Recruitment	2m	NA	Vig	Time budget	Mid neck	STOP	517.039	H:/Individual recognition vids/Blind videos/NL94.MP4	NA	NA	NA
Joe_FC_11112022_0930	2024-03-18T21:45:27Z	Joe_FC_11112022_0930.MP4	696.96	Media file(s)	player #1:H:/Individual recognition vids/Blind videos/NL94.MP4	0	696.96	25	Joe	FC	NA	2022-09-11T10:00:00Z	Outer periphery	Sunny	KLF	Recruitment	2m	NA	Pre	Time budget	With kin	START	517.04	H:/Individual recognition vids/Blind videos/NL94.MP4	12926	NA	NA
Joe_FC_11112022_0930	2024-03-18T21:45:27Z	Joe_FC_11112022_0930.MP4	696.96	Media file(s)	player #1:H:/Individual recognition vids/Blind videos/NL94.MP4	0	696.96	25	Joe	FC	NA	2022-09-11T10:00:00Z	Outer periphery	Sunny	KLF	Recruitment	2m	NA	FVO	Reaction	Other	POINT	518.84	H:/Individual recognition vids/Blind videos/NL94.MP4	12971	NA	NA
Joe_FC_11112022_0930	2024-03-18T21:45:27Z	Joe_FC_11112022_0930.MP4	696.96	Media file(s)	player #1:H:/Individual recognition vids/Blind videos/NL94.MP4	0	696.96	25	Joe	FC	NA	2022-09-11T10:00:00Z	Outer periphery	Sunny	KLF	Recruitment	2m	NA	Look	Reaction	Away from speaker	POINT	519.56	H:/Individual recognition vids/Blind videos/NL94.MP4	12989	NA	NA
Joe_FC_11112022_0930	2024-03-18T21:45:27Z	Joe_FC_11112022_0930.MP4	696.96	Media file(s)	player #1:H:/Individual recognition vids/Blind videos/NL94.MP4	0	696.96	25	Joe	FC	NA	2022-09-11T10:00:00Z	Outer periphery	Sunny	KLF	Recruitment	2m	NA	Pre	Time budget	With kin	STOP	520.479	H:/Individual recognition vids/Blind videos/NL94.MP4	NA	NA	NA
Joe_FC_11112022_0930	2024-03-18T21:45:27Z	Joe_FC_11112022_0930.MP4	696.96	Media file(s)	player #1:H:/Individual recognition vids/Blind videos/NL94.MP4	0	696.96	25	Joe	FC	NA	2022-09-11T10:00:00Z	Outer periphery	Sunny	KLF	Recruitment	2m	NA	Vig	Time budget	Mid neck	START	520.48	H:/Individual recognition vids/Blind videos/NL94.MP4	13012	NA	NA
Joe_FC_11112022_0930	2024-03-18T21:45:27Z	Joe_FC_11112022_0930.MP4	696.96	Media file(s)	player #1:H:/Individual recognition vids/Blind videos/NL94.MP4	0	696.96	25	Joe	FC	NA	2022-09-11T10:00:00Z	Outer periphery	Sunny	KLF	Recruitment	2m	NA	Look	Reaction	Away from speaker	POINT	528.72	H:/Individual recognition vids/Blind videos/NL94.MP4	13218	NA	NA
Joe_FC_11112022_0930	2024-03-18T21:45:27Z	Joe_FC_11112022_0930.MP4	696.96	Media file(s)	player #1:H:/Individual recognition vids/Blind videos/NL94.MP4	0	696.96	25	Joe	FC	NA	2022-09-11T10:00:00Z	Outer periphery	Sunny	KLF	Recruitment	2m	NA	Voc	Reaction	Contact	POINT	530.16	H:/Individual recognition vids/Blind videos/NL94.MP4	13254	NA	NA
Joe_FC_11112022_0930	2024-03-18T21:45:27Z	Joe_FC_11112022_0930.MP4	696.96	Media file(s)	player #1:H:/Individual recognition vids/Blind videos/NL94.MP4	0	696.96	25	Joe	FC	NA	2022-09-11T10:00:00Z	Outer periphery	Sunny	KLF	Recruitment	2m	NA	Vig	Time budget	Mid neck	STOP	532.64	H:/Individual recognition vids/Blind videos/NL94.MP4	13316	NA	NA
Joe_FC_11112022_0930	2024-03-18T21:45:27Z	Joe_FC_11112022_0930.MP4	696.96	Media file(s)	player #1:H:/Individual recognition vids/Blind videos/NL94.MP4	0	696.96	25	Joe	FC	NA	2022-09-11T10:00:00Z	Outer periphery	Sunny	KLF	Recruitment	2m	NA	Mov	Locomotion	Away from speaker	START	534.28	H:/Individual recognition vids/Blind videos/NL94.MP4	13357	NA	NA
Joe_FC_11112022_0930	2024-03-18T21:45:27Z	Joe_FC_11112022_0930.MP4	696.96	Media file(s)	player #1:H:/Individual recognition vids/Blind videos/NL94.MP4	0	696.96	25	Joe	FC	NA	2022-09-11T10:00:00Z	Outer periphery	Sunny	KLF	Recruitment	2m	NA	Voc	Reaction	Contact	POINT	537.8	H:/Individual recognition vids/Blind videos/NL94.MP4	13445	NA	NA
Joe_FC_11112022_0930	2024-03-18T21:45:27Z	Joe_FC_11112022_0930.MP4	696.96	Media file(s)	player #1:H:/Individual recognition vids/Blind videos/NL94.MP4	0	696.96	25	Joe	FC	NA	2022-09-11T10:00:00Z	Outer periphery	Sunny	KLF	Recruitment	2m	NA	Look	Reaction	Away from speaker	POINT	539.92	H:/Individual recognition vids/Blind videos/NL94.MP4	13498	NA	NA
Joe_FC_11112022_0930	2024-03-18T21:45:27Z	Joe_FC_11112022_0930.MP4	696.96	Media file(s)	player #1:H:/Individual recognition vids/Blind videos/NL94.MP4	0	696.96	25	Joe	FC	NA	2022-09-11T10:00:00Z	Outer periphery	Sunny	KLF	Recruitment	2m	NA	Vig	Time budget	Mid neck	START	540.88	H:/Individual recognition vids/Blind videos/NL94.MP4	13522	NA	NA
Joe_FC_11112022_0930	2024-03-18T21:45:27Z	Joe_FC_11112022_0930.MP4	696.96	Media file(s)	player #1:H:/Individual recognition vids/Blind videos/NL94.MP4	0	696.96	25	Joe	FC	NA	2022-09-11T10:00:00Z	Outer periphery	Sunny	KLF	Recruitment	2m	NA	Look	Reaction	Away from speaker	POINT	542.28	H:/Individual recognition vids/Blind videos/NL94.MP4	13557	NA	NA
Joe_FC_11112022_0930	2024-03-18T21:45:27Z	Joe_FC_11112022_0930.MP4	696.96	Media file(s)	player #1:H:/Individual recognition vids/Blind videos/NL94.MP4	0	696.96	25	Joe	FC	NA	2022-09-11T10:00:00Z	Outer periphery	Sunny	KLF	Recruitment	2m	NA	Look	Reaction	Away from speaker	POINT	549	H:/Individual recognition vids/Blind videos/NL94.MP4	13726	NA	NA
Joe_FC_11112022_0930	2024-03-18T21:45:27Z	Joe_FC_11112022_0930.MP4	696.96	Media file(s)	player #1:H:/Individual recognition vids/Blind videos/NL94.MP4	0	696.96	25	Joe	FC	NA	2022-09-11T10:00:00Z	Outer periphery	Sunny	KLF	Recruitment	2m	NA	Vig	Time budget	Mid neck	STOP	551.6	H:/Individual recognition vids/Blind videos/NL94.MP4	13790	NA	NA
Joe_FC_11112022_0930	2024-03-18T21:45:27Z	Joe_FC_11112022_0930.MP4	696.96	Media file(s)	player #1:H:/Individual recognition vids/Blind videos/NL94.MP4	0	696.96	25	Joe	FC	NA	2022-09-11T10:00:00Z	Outer periphery	Sunny	KLF	Recruitment	2m	NA	Voc	Reaction	Contact	POINT	552.8	H:/Individual recognition vids/Blind videos/NL94.MP4	13820	NA	NA
Joe_FC_11112022_0930	2024-03-18T21:45:27Z	Joe_FC_11112022_0930.MP4	696.96	Media file(s)	player #1:H:/Individual recognition vids/Blind videos/NL94.MP4	0	696.96	25	Joe	FC	NA	2022-09-11T10:00:00Z	Outer periphery	Sunny	KLF	Recruitment	2m	NA	Look	Reaction	At speaker	POINT	559.64	H:/Individual recognition vids/Blind videos/NL94.MP4	13991	NA	NA
Joe_FC_11112022_0930	2024-03-18T21:45:27Z	Joe_FC_11112022_0930.MP4	696.96	Media file(s)	player #1:H:/Individual recognition vids/Blind videos/NL94.MP4	0	696.96	25	Joe	FC	NA	2022-09-11T10:00:00Z	Outer periphery	Sunny	KLF	Recruitment	2m	NA	Vig	Time budget	Short Neck	START	560.44	H:/Individual recognition vids/Blind videos/NL94.MP4	14011	NA	NA
Joe_FC_11112022_0930	2024-03-18T21:45:27Z	Joe_FC_11112022_0930.MP4	696.96	Media file(s)	player #1:H:/Individual recognition vids/Blind videos/NL94.MP4	0	696.96	25	Joe	FC	NA	2022-09-11T10:00:00Z	Outer periphery	Sunny	KLF	Recruitment	2m	NA	Look	Reaction	At speaker	POINT	562.92	H:/Individual recognition vids/Blind videos/NL94.MP4	14073	NA	NA
Joe_FC_11112022_0930	2024-03-18T21:45:27Z	Joe_FC_11112022_0930.MP4	696.96	Media file(s)	player #1:H:/Individual recognition vids/Blind videos/NL94.MP4	0	696.96	25	Joe	FC	NA	2022-09-11T10:00:00Z	Outer periphery	Sunny	KLF	Recruitment	2m	NA	Look	Reaction	Away from speaker	POINT	568.16	H:/Individual recognition vids/Blind videos/NL94.MP4	14204	NA	NA
Joe_FC_11112022_0930	2024-03-18T21:45:27Z	Joe_FC_11112022_0930.MP4	696.96	Media file(s)	player #1:H:/Individual recognition vids/Blind videos/NL94.MP4	0	696.96	25	Joe	FC	NA	2022-09-11T10:00:00Z	Outer periphery	Sunny	KLF	Recruitment	2m	NA	FVO	Reaction	Distance	POINT	574.84	H:/Individual recognition vids/Blind videos/NL94.MP4	14371	NA	NA
Joe_FC_11112022_0930	2024-03-18T21:45:27Z	Joe_FC_11112022_0930.MP4	696.96	Media file(s)	player #1:H:/Individual recognition vids/Blind videos/NL94.MP4	0	696.96	25	Joe	FC	NA	2022-09-11T10:00:00Z	Outer periphery	Sunny	KLF	Recruitment	2m	NA	Mov	Locomotion	Away from speaker	STOP	576.239	H:/Individual recognition vids/Blind videos/NL94.MP4	NA	NA	NA
Joe_FC_11112022_0930	2024-03-18T21:45:27Z	Joe_FC_11112022_0930.MP4	696.96	Media file(s)	player #1:H:/Individual recognition vids/Blind videos/NL94.MP4	0	696.96	25	Joe	FC	NA	2022-09-11T10:00:00Z	Outer periphery	Sunny	KLF	Recruitment	2m	NA	Vig	Time budget	Short Neck	STOP	576.239	H:/Individual recognition vids/Blind videos/NL94.MP4	NA	NA	NA
Joe_FC_11112022_0930	2024-03-18T21:45:27Z	Joe_FC_11112022_0930.MP4	696.96	Media file(s)	player #1:H:/Individual recognition vids/Blind videos/NL94.MP4	0	696.96	25	Joe	FC	NA	2022-09-11T10:00:00Z	Outer periphery	Sunny	KLF	Recruitment	2m	NA	Rst	Time budget	With kin	START	576.24	H:/Individual recognition vids/Blind videos/NL94.MP4	14406	NA	NA
Joe_FC_11112022_0930	2024-03-18T21:45:27Z	Joe_FC_11112022_0930.MP4	696.96	Media file(s)	player #1:H:/Individual recognition vids/Blind videos/NL94.MP4	0	696.96	25	Joe	FC	NA	2022-09-11T10:00:00Z	Outer periphery	Sunny	KLF	Recruitment	2m	NA	FVO	Reaction	Distance	POINT	577.24	H:/Individual recognition vids/Blind videos/NL94.MP4	14431	NA	NA
Joe_FC_11112022_0930	2024-03-18T21:45:27Z	Joe_FC_11112022_0930.MP4	696.96	Media file(s)	player #1:H:/Individual recognition vids/Blind videos/NL94.MP4	0	696.96	25	Joe	FC	NA	2022-09-11T10:00:00Z	Outer periphery	Sunny	KLF	Recruitment	2m	NA	FVO	Reaction	Distance	POINT	577.96	H:/Individual recognition vids/Blind videos/NL94.MP4	14449	NA	NA
Joe_FC_11112022_0930	2024-03-18T21:45:27Z	Joe_FC_11112022_0930.MP4	696.96	Media file(s)	player #1:H:/Individual recognition vids/Blind videos/NL94.MP4	0	696.96	25	Joe	FC	NA	2022-09-11T10:00:00Z	Outer periphery	Sunny	KLF	Recruitment	2m	NA	FVO	Reaction	Other	POINT	580	H:/Individual recognition vids/Blind videos/NL94.MP4	14500	NA	NA
Joe_FC_11112022_0930	2024-03-18T21:45:27Z	Joe_FC_11112022_0930.MP4	696.96	Media file(s)	player #1:H:/Individual recognition vids/Blind videos/NL94.MP4	0	696.96	25	Joe	FC	NA	2022-09-11T10:00:00Z	Outer periphery	Sunny	KLF	Recruitment	2m	NA	FVO	Reaction	Other	POINT	581.48	H:/Individual recognition vids/Blind videos/NL94.MP4	14537	NA	NA
Joe_FC_11112022_0930	2024-03-18T21:45:27Z	Joe_FC_11112022_0930.MP4	696.96	Media file(s)	player #1:H:/Individual recognition vids/Blind videos/NL94.MP4	0	696.96	25	Joe	FC	NA	2022-09-11T10:00:00Z	Outer periphery	Sunny	KLF	Recruitment	2m	NA	FVO	Reaction	Distance	POINT	589.12	H:/Individual recognition vids/Blind videos/NL94.MP4	14728	NA	NA
Joe_FC_11112022_0930	2024-03-18T21:45:27Z	Joe_FC_11112022_0930.MP4	696.96	Media file(s)	player #1:H:/Individual recognition vids/Blind videos/NL94.MP4	0	696.96	25	Joe	FC	NA	2022-09-11T10:00:00Z	Outer periphery	Sunny	KLF	Recruitment	2m	NA	Dhb	Playback phase	NA	STOP	623.56	H:/Individual recognition vids/Blind videos/NL94.MP4	15589	NA	NA
Joe_FC_11112022_0930	2024-03-18T21:45:27Z	Joe_FC_11112022_0930.MP4	696.96	Media file(s)	player #1:H:/Individual recognition vids/Blind videos/NL94.MP4	0	696.96	25	Joe	FC	NA	2022-09-11T10:00:00Z	Outer periphery	Sunny	KLF	Recruitment	2m	NA	FVO	Reaction	Other	POINT	628.2	H:/Individual recognition vids/Blind videos/NL94.MP4	15705	NA	NA
Joe_FC_11112022_0930	2024-03-18T21:45:27Z	Joe_FC_11112022_0930.MP4	696.96	Media file(s)	player #1:H:/Individual recognition vids/Blind videos/NL94.MP4	0	696.96	25	Joe	FC	NA	2022-09-11T10:00:00Z	Outer periphery	Sunny	KLF	Recruitment	2m	NA	FVO	Reaction	Other	POINT	629.92	H:/Individual recognition vids/Blind videos/NL94.MP4	15748	NA	NA
Joe_FC_11112022_0930	2024-03-18T21:45:27Z	Joe_FC_11112022_0930.MP4	696.96	Media file(s)	player #1:H:/Individual recognition vids/Blind videos/NL94.MP4	0	696.96	25	Joe	FC	NA	2022-09-11T10:00:00Z	Outer periphery	Sunny	KLF	Recruitment	2m	NA	FVO	Reaction	Other	POINT	632.28	H:/Individual recognition vids/Blind videos/NL94.MP4	15807	NA	NA
Joe_FC_11112022_0930	2024-03-18T21:45:27Z	Joe_FC_11112022_0930.MP4	696.96	Media file(s)	player #1:H:/Individual recognition vids/Blind videos/NL94.MP4	0	696.96	25	Joe	FC	NA	2022-09-11T10:00:00Z	Outer periphery	Sunny	KLF	Recruitment	2m	NA	FVO	Reaction	Other	POINT	634.52	H:/Individual recognition vids/Blind videos/NL94.MP4	15863	NA	NA
Joe_FC_11112022_0930	2024-03-18T21:45:27Z	Joe_FC_11112022_0930.MP4	696.96	Media file(s)	player #1:H:/Individual recognition vids/Blind videos/NL94.MP4	0	696.96	25	Joe	FC	NA	2022-09-11T10:00:00Z	Outer periphery	Sunny	KLF	Recruitment	2m	NA	FVO	Reaction	Other	POINT	635.84	H:/Individual recognition vids/Blind videos/NL94.MP4	15896	NA	NA
Joe_FC_11112022_0930	2024-03-18T21:45:27Z	Joe_FC_11112022_0930.MP4	696.96	Media file(s)	player #1:H:/Individual recognition vids/Blind videos/NL94.MP4	0	696.96	25	Joe	FC	NA	2022-09-11T10:00:00Z	Outer periphery	Sunny	KLF	Recruitment	2m	NA	FVO	Reaction	Distance	POINT	642.16	H:/Individual recognition vids/Blind videos/NL94.MP4	16054	NA	NA
Joe_FC_11112022_0930	2024-03-18T21:45:27Z	Joe_FC_11112022_0930.MP4	696.96	Media file(s)	player #1:H:/Individual recognition vids/Blind videos/NL94.MP4	0	696.96	25	Joe	FC	NA	2022-09-11T10:00:00Z	Outer periphery	Sunny	KLF	Recruitment	2m	NA	FVO	Reaction	Distance	POINT	643.32	H:/Individual recognition vids/Blind videos/NL94.MP4	16083	NA	NA
Joe_FC_11112022_0930	2024-03-18T21:45:27Z	Joe_FC_11112022_0930.MP4	696.96	Media file(s)	player #1:H:/Individual recognition vids/Blind videos/NL94.MP4	0	696.96	25	Joe	FC	NA	2022-09-11T10:00:00Z	Outer periphery	Sunny	KLF	Recruitment	2m	NA	FVO	Reaction	Distance	POINT	687.92	H:/Individual recognition vids/Blind videos/NL94.MP4	17198	NA	NA
Joe_FC_11112022_0930	2024-03-18T21:45:27Z	Joe_FC_11112022_0930.MP4	696.96	Media file(s)	player #1:H:/Individual recognition vids/Blind videos/NL94.MP4	0	696.96	25	Joe	FC	NA	2022-09-11T10:00:00Z	Outer periphery	Sunny	KLF	Recruitment	2m	NA	Ass	Interaction	Kin	STOP	696.96	H:/Individual recognition vids/Blind videos/NL94.MP4	17424	NA	NA
Joe_FC_11112022_0930	2024-03-18T21:45:27Z	Joe_FC_11112022_0930.MP4	696.96	Media file(s)	player #1:H:/Individual recognition vids/Blind videos/NL94.MP4	0	696.96	25	Joe	FC	NA	2022-09-11T10:00:00Z	Outer periphery	Sunny	KLF	Recruitment	2m	NA	Rst	Time budget	With kin	STOP	696.96	H:/Individual recognition vids/Blind videos/NL94.MP4	17424	NA	NA
